"","Q1.2","NIMBY","Progress","UserLanguage","participantId","Duration (in seconds)","StartDate","EndDate","Q14.11_1","Q14.11_2","Q14.11_3","Q14.11_4","Q14.11_5","Q14.11_6","Q136_1","Q136_2","Q136_3","Q136_4","Q136_5","Q136_6","Q136_7","Q136_8","Q136_9","Q136_10","age","gender","Q2.3","Q2.4","Q20.1","Q19.2_1","Q19.2_2","Q19.2_3","Q7.10","Q8.2","Q12.2_1","Q12.2_2","Q12.2_3","Q12.4","Q12.5","Q14.6","Q14.7_1","Q14.7_2","Q14.7_3","Q14.12","Q14.9_1","left_right","pol_party_support","education","circle1","circle2","circle3","QID1214859317_cjp1","QID1214859317_cjp2","QID246_cjp1","QID246_cjp2","QID251_cjp1","QID251_cjp2","QID255_cjp1","QID255_cjp2","Q15.8","Q15.9_1","Q15.9_2","Q15.14","Q15.15_1","Q15.15_2","Q15.20","Q15.21_1","Q15.21_2","Q15.26","Q15.27_1","Q15.27_2","municipalityId","type","municipality_type","urban_rural","circle_match"
"1",1,1,25,"DE",3622,228,"2024-05-03 10:49:59","2024-05-03 10:53:47",NA,NA,NA,NA,NA,NA,NA,NA,NA,NA,NA,NA,NA,NA,NA,NA,42,1,1,1,3,6,4,7,NA,NA,NA,NA,NA,NA,NA,NA,NA,NA,NA,NA,NA,NA,NA,NA,1,0,0,"","","","","","","","",NA,NA,NA,NA,NA,NA,NA,NA,NA,NA,NA,NA,6110,31,7,3,1
"2",NA,1,0,"DE",14015,37,"2024-05-03 11:41:48","2024-05-03 11:42:25",NA,NA,NA,NA,NA,NA,NA,NA,NA,NA,NA,NA,NA,NA,NA,NA,NA,NA,NA,NA,NA,NA,NA,NA,NA,NA,NA,NA,NA,NA,NA,NA,NA,NA,NA,NA,NA,NA,NA,NA,0,0,0,"","","","","","","","",NA,NA,NA,NA,NA,NA,NA,NA,NA,NA,NA,NA,293,11,1,1,1
"3",1,1,25,"DE",8306,3576774,"2024-05-03 12:38:36","2024-06-13 22:11:30",NA,NA,NA,NA,NA,NA,NA,NA,NA,NA,NA,NA,NA,NA,NA,NA,39,2,1,2,3,7,1,5,NA,NA,NA,NA,NA,NA,NA,NA,NA,NA,NA,NA,NA,NA,NA,NA,0,0,0,"","","","","","","","",NA,NA,NA,NA,NA,NA,NA,NA,NA,NA,NA,NA,293,11,1,1,1
"4",NA,1,0,"FR",13905,NA,"2024-05-03 12:58:29","2024-05-03 12:58:32",NA,NA,NA,NA,NA,NA,NA,NA,NA,NA,NA,NA,NA,NA,NA,NA,NA,NA,NA,NA,NA,NA,NA,NA,NA,NA,NA,NA,NA,NA,NA,NA,NA,NA,NA,NA,NA,NA,NA,NA,0,0,0,"","","","","","","","",NA,NA,NA,NA,NA,NA,NA,NA,NA,NA,NA,NA,4029,12,2,1,1
"5",1,1,57,"FR",1791,2518176,"2024-05-03 12:59:38","2024-06-01 16:29:14",NA,NA,NA,NA,NA,NA,5,4,5,7,7,5,5,6,4,3,40,2,1,1,3,6,1,5,4,6,NA,NA,NA,NA,NA,NA,NA,NA,NA,NA,NA,NA,NA,NA,0,0,0,"","","","","","","","",NA,NA,NA,NA,NA,NA,NA,NA,NA,NA,NA,NA,5586,11,1,1,1
"6",1,0,25,"DE",12536,171934,"2024-05-03 13:19:00","2024-05-05 13:04:35",NA,NA,NA,NA,NA,NA,NA,NA,NA,NA,NA,NA,NA,NA,NA,NA,73,1,1,1,2,7,1,7,NA,NA,NA,NA,NA,NA,NA,NA,NA,NA,NA,NA,NA,NA,NA,NA,1,0,0,"","","","","","","","",NA,NA,NA,NA,NA,NA,NA,NA,NA,NA,NA,NA,1203,13,3,1,1
"7",1,1,86,"DE",665,2172,"2024-05-03 13:36:02","2024-05-03 14:12:14",3,1,1,2,2,1,7,2,3,7,2,3,1,3,3,1,64,2,1,1,2,6,4,5,3,6,1,1,1,2,5,4,2,1,1,2,2,NA,NA,NA,0,0,0,"Vertikale Freiflächen Agri-PV-Anlage auf Weide- oder Ackerland,Bis zu einem Fussballfeld (ca. 1ha),1500-4500 Meter,Grundstückseigentümer,11-20% Reduzierung des Ernteertrags,11-20% Erhöhung der Eigenproduktion,0-5% höheres Einkommen","Horizontale Freiflächen Agri-PV-Anlage auf Weide- oder Ackerland,Bis zu einem Fussballfeld (ca. 1ha),1500-4500 Meter,Gemeinde,0-5% Reduzierung des Ernteertrags,41-80% Erhöhung der Eigenproduktion,21-40% höheres Einkommen","Vertikale Freiflächen Agri-PV-Anlage auf Weide- oder Ackerland,Bis zu einem Fussballfeld (ca. 1ha),500-1500 Meter,Gemeinde,21-40% Reduzierung des Ernteertrags,6-10% Erhöhung der Eigenproduktion ,21-40% höheres Einkommen","Vertikale Freiflächen Agri-PV-Anlage auf Weide- oder Ackerland,Bis zu einem Fussballfeld (ca. 1ha),1500-4500 Meter,Bäuerinnen und Bauern,21-40% Reduzierung des Ernteertrags,0-5% Erhöhung der Eigenproduktion,6-10% höheres Einkommen","Agri-PV-Anlage auf Gewächshäusern und Ersatz von Folientunneln,Bis zu einem Fussballfeld (ca. 1ha),0-500 Meter,Grundstückseigentümer,41-80% Reduzierung des Ernteertrags,41-80% Erhöhung der Eigenproduktion,21-40% höheres Einkommen","Agri-PV-Anlage auf Gewächshäusern und Ersatz von Folientunneln,Bis zu 10 Fussballfelder (ca. 10ha),1500-4500 Meter,Gemeinde,0-5% Reduzierung des Ernteertrags,6-10% Erhöhung der Eigenproduktion ,6-10% höheres Einkommen","Agri-PV-Anlage auf Gewächshäusern und Ersatz von Folientunneln,Bis zu einem Fussballfeld (ca. 1ha),1500-4500 Meter,Gemeinde,6-10% Reduzierung des Ernteertrags,41-80% Erhöhung der Eigenproduktion,41-80% höheres Einkommen","Agri-PV-Anlage auf Gewächshäusern und Ersatz von Folientunneln,Bis zu einem Fussballfeld (ca. 1ha),0-500 Meter,Bäuerinnen und Bauern,6-10% Reduzierung des Ernteertrags,0-5% Erhöhung der Eigenproduktion,21-40% höheres Einkommen",1,3,1,2,1,3,2,1,3,NA,NA,NA,2586,12,2,1,1
"8",1,1,80,"DE",492,2131,"2024-05-03 13:41:25","2024-05-03 14:16:57",3,4,2,4,3,3,7,4,5,5,3,6,6,6,5,1,68,2,1,1,2,6,5,3,5,4,1,1,3,3,2,3,3,2,1,3,2,NA,NA,NA,1,0,0,"Vertikale Freiflächen Agri-PV-Anlage auf Weide- oder Ackerland,Bis zu 10 Fussballfelder (ca. 10ha),500-1500 Meter,Gemeinde,6-10% Reduzierung des Ernteertrags,0-5% Erhöhung der Eigenproduktion,0-5% höheres Einkommen","Horizontale Freiflächen Agri-PV-Anlage auf Weide- oder Ackerland,Bis zu 10 Fussballfelder (ca. 10ha),0-500 Meter,Externe (nicht lokale) Investoren,0-5% Reduzierung des Ernteertrags,0-5% Erhöhung der Eigenproduktion,21-40% höheres Einkommen","","","","","","",NA,NA,NA,NA,NA,NA,NA,NA,NA,NA,NA,NA,261,11,1,1,1
"9",1,1,86,"DE",8283,1376,"2024-05-03 14:00:10","2024-05-03 14:23:07",7,2,4,6,7,7,7,7,7,6,7,4,7,4,4,1,48,1,1,1,2,4,5,3,5,5,1,1,1,7,7,7,7,7,7,7,7,NA,NA,NA,0,0,0,"Vertikale Freiflächen Agri-PV-Anlage auf Weide- oder Ackerland,Bis zu einem Fussballfeld (ca. 1ha),500-1500 Meter,Energiegenossenschaft (z.B. lokale Bevölkerung),11-20% Reduzierung des Ernteertrags,0-5% Erhöhung der Eigenproduktion,0-5% höheres Einkommen","Vertikale Freiflächen Agri-PV-Anlage auf Weide- oder Ackerland,Bis zu einem Fussballfeld (ca. 1ha),1500-4500 Meter,Grundstückseigentümer,0-5% Reduzierung des Ernteertrags,6-10% Erhöhung der Eigenproduktion ,0-5% höheres Einkommen","Vertikale Freiflächen Agri-PV-Anlage auf Weide- oder Ackerland,Bis zu 5 Fussballfelder (ca. 5ha),0-500 Meter,Bäuerinnen und Bauern,21-40% Reduzierung des Ernteertrags,21-40% Erhöhung der Eigenproduktion,6-10% höheres Einkommen","Horizontale Freiflächen Agri-PV-Anlage auf Weide- oder Ackerland,Bis zu 5 Fussballfelder (ca. 5ha),500-1500 Meter,Energiegenossenschaft (z.B. lokale Bevölkerung),0-5% Reduzierung des Ernteertrags,11-20% Erhöhung der Eigenproduktion,0-5% höheres Einkommen","Agri-PV-Anlage auf Gewächshäusern und Ersatz von Folientunneln,Bis zu 10 Fussballfelder (ca. 10ha),500-1500 Meter,Externe (nicht lokale) Investoren,11-20% Reduzierung des Ernteertrags,0-5% Erhöhung der Eigenproduktion,0-5% höheres Einkommen","Horizontale Freiflächen Agri-PV-Anlage auf Weide- oder Ackerland,Bis zu einem Fussballfeld (ca. 1ha),500-1500 Meter,Gemeinde,21-40% Reduzierung des Ernteertrags,6-10% Erhöhung der Eigenproduktion ,21-40% höheres Einkommen","","",1,7,7,2,5,7,1,7,4,NA,NA,NA,1364,31,7,3,1
"10",1,1,71,"DE",13140,533,"2024-05-03 14:17:01","2024-05-03 14:25:54",NA,NA,NA,NA,NA,NA,6,5,5,6,5,6,5,6,5,6,38,2,1,2,4,6,6,6,6,5,3,1,1,5,6,4,5,5,4,5,NA,NA,NA,NA,0,0,0,"","","","","","","","",NA,NA,NA,NA,NA,NA,NA,NA,NA,NA,NA,NA,66,11,1,1,1
"11",1,1,38,"FR",683,348,"2024-05-03 14:20:20","2024-05-03 14:26:09",NA,NA,NA,NA,NA,NA,7,2,6,6,6,6,6,6,6,1,40,1,1,2,4,7,4,7,NA,NA,NA,NA,NA,NA,NA,NA,NA,NA,NA,NA,NA,NA,NA,NA,0,0,0,"","","","","","","","",NA,NA,NA,NA,NA,NA,NA,NA,NA,NA,NA,NA,5586,11,1,1,1
"12",1,1,82,"DE",7482,2589,"2024-05-03 15:38:48","2024-05-03 16:21:58",3,4,4,4,4,4,5,6,3,6,3,5,3,6,4,3,72,2,1,1,2,6,5,5,4,7,3,3,3,5,5,5,4,5,5,5,5,NA,NA,NA,1,0,0,"Horizontale Freiflächen Agri-PV-Anlage auf Weide- oder Ackerland,Bis zu einem Fussballfeld (ca. 1ha),500-1500 Meter,Regionaler Energieversorger,6-10% Reduzierung des Ernteertrags,21-40% Erhöhung der Eigenproduktion,41-80% höheres Einkommen","Horizontale Freiflächen Agri-PV-Anlage auf Weide- oder Ackerland,Bis zu einem Fussballfeld (ca. 1ha),1500-4500 Meter,Energiegenossenschaft (z.B. lokale Bevölkerung),11-20% Reduzierung des Ernteertrags,0-5% Erhöhung der Eigenproduktion,11-20% höheres Einkommen","","","","","","",2,4,5,NA,NA,NA,NA,NA,NA,NA,NA,NA,251,11,1,1,1
"13",NA,1,0,"FR",5667,64,"2024-05-03 15:52:07","2024-05-03 15:53:11",NA,NA,NA,NA,NA,NA,NA,NA,NA,NA,NA,NA,NA,NA,NA,NA,NA,NA,NA,NA,NA,NA,NA,NA,NA,NA,NA,NA,NA,NA,NA,NA,NA,NA,NA,NA,NA,NA,NA,NA,0,0,0,"","","","","","","","",NA,NA,NA,NA,NA,NA,NA,NA,NA,NA,NA,NA,6630,11,1,1,1
"14",1,1,82,"DE",11972,1663,"2024-05-03 16:22:05","2024-05-03 16:49:48",7,7,5,6,6,6,6,1,6,6,6,3,3,5,3,1,33,2,1,1,2,3,1,5,1,7,1,1,1,7,7,7,7,7,3,6,7,NA,NA,NA,0,0,0,"Horizontale Freiflächen Agri-PV-Anlage auf Weide- oder Ackerland,Bis zu 10 Fussballfelder (ca. 10ha),1500-4500 Meter,Externe (nicht lokale) Investoren,6-10% Reduzierung des Ernteertrags,6-10% Erhöhung der Eigenproduktion ,0-5% höheres Einkommen","Vertikale Freiflächen Agri-PV-Anlage auf Weide- oder Ackerland,Bis zu einem Fussballfeld (ca. 1ha),500-1500 Meter,Energiegenossenschaft (z.B. lokale Bevölkerung),6-10% Reduzierung des Ernteertrags,0-5% Erhöhung der Eigenproduktion,6-10% höheres Einkommen","","","","","","",2,5,7,NA,NA,NA,NA,NA,NA,NA,NA,NA,1059,12,2,1,1
"15",1,1,80,"EN",14264,1455,"2024-05-03 16:41:06","2024-05-03 17:05:21",6,6,6,6,6,6,7,3,6,6,6,6,6,4,3,3,41,2,1,2,2,6,1,6,1,6,1,1,1,6,6,5,5,5,5,4,5,NA,NA,NA,0,0,0,"","","","","","","","",NA,NA,NA,NA,NA,NA,NA,NA,NA,NA,NA,NA,261,11,1,1,1
"16",1,1,14,"DE",14381,267,"2024-05-03 16:43:42","2024-05-03 16:48:10",NA,NA,NA,NA,NA,NA,NA,NA,NA,NA,NA,NA,NA,NA,NA,NA,47,1,1,1,5,5,2,6,NA,NA,NA,NA,NA,NA,NA,NA,NA,NA,NA,NA,NA,NA,NA,NA,0,0,0,"","","","","","","","",NA,NA,NA,NA,NA,NA,NA,NA,NA,NA,NA,NA,363,11,1,1,1
"17",1,0,12,"EN",2843,5345821,"2024-05-03 17:09:02","2024-07-04 14:06:04",NA,NA,NA,NA,NA,NA,NA,NA,NA,NA,NA,NA,NA,NA,NA,NA,42,1,1,2,4,7,4,4,NA,NA,NA,NA,NA,NA,NA,NA,NA,NA,NA,NA,NA,NA,NA,NA,0,0,0,"","","","","","","","",NA,NA,NA,NA,NA,NA,NA,NA,NA,NA,NA,NA,2703,11,1,1,1
"18",1,1,43,"FR",6437,1287245,"2024-05-03 17:11:07","2024-05-18 14:45:13",NA,NA,NA,NA,NA,NA,7,4,5,4,6,6,6,7,7,4,1993,1,1,2,3,7,4,1,NA,NA,NA,NA,NA,NA,NA,NA,NA,NA,NA,NA,NA,NA,NA,NA,0,0,0,"","","","","","","","",NA,NA,NA,NA,NA,NA,NA,NA,NA,NA,NA,NA,6643,11,1,1,1
"19",1,0,80,"DE",9533,1711,"2024-05-03 17:17:12","2024-05-03 17:45:43",6,6,6,6,6,6,5,1,5,7,5,6,7,5,2,2,62,1,1,1,4,6,1,7,5,7,1,1,3,6,6,6,6,6,6,6,6,NA,NA,NA,0,0,0,"","","","","","","","",NA,NA,NA,NA,NA,NA,NA,NA,NA,NA,NA,NA,2581,12,2,1,1
"20",1,0,88,"FR",12660,1013,"2024-05-03 17:25:05","2024-05-03 17:41:58",4,5,6,7,6,4,3,5,4,3,6,4,3,2,6,5,43,2,1,1,3,5,4,6,2,5,1,1,1,6,6,4,5,5,5,5,4,NA,NA,NA,0,0,0,"Installations agri-PV sur des serres et remplacement de tunnels en plastique,Jusqu'à 10 terrains de football (env. 10ha),500-1500 mètres,Fournisseur régional d'énergie,Réduction de 41-80% du rendement de la récolte,Augmentation de 6-10% de la production propre,Augmentation de 21-40% du revenu des agriculteurs","Surfaces libres horizontales pour installations agri-PV sur des pâturage ou des terres cultivées,Jusqu'à un terrain de football (env. 1ha),1500-4500 mètres,Fournisseur régional d'énergie,Réduction de 41-80% du rendement de la récolte,Augmentation de 21-40% de la production propre,Augmentation de 41-80% du revenu des agriculteurs","Installations agri-PV sur des serres et remplacement de tunnels en plastique,Jusqu'à un terrain de football (env. 1ha),500-1500 mètres,Investisseurs externes (non locaux),Réduction de 21-40% du rendement de la récolte,Augmentation de 11-20% de la production propre,Augmentation de 21-40% du revenu des agriculteurs","Surfaces libres horizontales pour installations agri-PV sur des pâturage ou des terres cultivées,Jusqu'à 5 terrains de football (env. 5ha),500-1500 mètres,Investisseurs externes (non locaux),Réduction de 21-40% du rendement de la récolte,Augmentation de 0-5% de la production propre,Augmentation de 6-10% du revenu des agriculteurs","Surfaces libres horizontales pour installations agri-PV sur des pâturage ou des terres cultivées,Jusqu'à 5 terrains de football (env. 5ha),0-500 mètres,Commune,Réduction de 11-20% du rendement de la récolte,Augmentation de 0-5% de la production propre,Augmentation de 11-20% du revenu des agriculteurs","Installations agri-PV sur des serres et remplacement de tunnels en plastique,Jusqu'à 5 terrains de football (env. 5ha),500-1500 mètres,Fournisseur régional d'énergie,Réduction de 11-20% du rendement de la récolte,Augmentation de 0-5% de la production propre,Augmentation de 11-20% du revenu des agriculteurs","Surfaces libres horizontales pour installations agri-PV sur des pâturage ou des terres cultivées,Jusqu'à un terrain de football (env. 1ha),1500-4500 mètres,Paysans et paysannes,Réduction de 0-5% du rendement de la récolte,Augmentation de 21-40% de la production propre,Augmentation de 6-10% du revenu des agriculteurs","Surfaces libres horizontales pour installations agri-PV sur des pâturage ou des terres cultivées,Jusqu'à 5 terrains de football (env. 5ha),0-500 mètres,Paysans et paysannes,Réduction de 41-80% du rendement de la récolte,Augmentation de 21-40% de la production propre,Augmentation de 11-20% du revenu des agriculteurs",1,4,4,1,4,4,2,4,4,2,4,4,6608,11,1,1,1
"21",1,1,78,"DE",10413,434990,"2024-05-03 17:44:22","2024-05-08 18:34:12",6,2,2,2,2,2,7,7,7,7,1,7,7,7,7,1,38,1,1,1,2,7,5,2,6,2,1,1,1,2,3,3,3,3,3,3,2,NA,NA,NA,0,0,0,"","","","","","","","",NA,NA,NA,NA,NA,NA,NA,NA,NA,NA,NA,NA,2763,11,1,1,1
"22",1,1,92,"DE",9677,6451,"2024-05-03 18:12:12","2024-05-03 19:59:43",3,5,5,5,3,4,4,1,4,6,2,5,5,5,4,2,52,2,1,1,4,6,1,4,5,2,1,1,1,3,5,4,6,4,3,2,5,NA,NA,NA,0,0,0,"Agri-PV-Anlage auf Gewächshäusern und Ersatz von Folientunneln,Bis zu 10 Fussballfelder (ca. 10ha),500-1500 Meter,Regionaler Energieversorger,11-20% Reduzierung des Ernteertrags,0-5% Erhöhung der Eigenproduktion,11-20% höheres Einkommen","Agri-PV-Anlage auf Gewächshäusern und Ersatz von Folientunneln,Bis zu einem Fussballfeld (ca. 1ha),0-500 Meter,Gemeinde,0-5% Reduzierung des Ernteertrags,6-10% Erhöhung der Eigenproduktion ,21-40% höheres Einkommen","Agri-PV-Anlage auf Gewächshäusern und Ersatz von Folientunneln,Bis zu einem Fussballfeld (ca. 1ha),0-500 Meter,Regionaler Energieversorger,6-10% Reduzierung des Ernteertrags,21-40% Erhöhung der Eigenproduktion,0-5% höheres Einkommen","Vertikale Freiflächen Agri-PV-Anlage auf Weide- oder Ackerland,Bis zu 10 Fussballfelder (ca. 10ha),500-1500 Meter,Bäuerinnen und Bauern,0-5% Reduzierung des Ernteertrags,21-40% Erhöhung der Eigenproduktion,11-20% höheres Einkommen","Agri-PV-Anlage auf Gewächshäusern und Ersatz von Folientunneln,Bis zu 10 Fussballfelder (ca. 10ha),500-1500 Meter,Energiegenossenschaft (z.B. lokale Bevölkerung),21-40% Reduzierung des Ernteertrags,6-10% Erhöhung der Eigenproduktion ,21-40% höheres Einkommen","Vertikale Freiflächen Agri-PV-Anlage auf Weide- oder Ackerland,Bis zu 10 Fussballfelder (ca. 10ha),0-500 Meter,Regionaler Energieversorger,11-20% Reduzierung des Ernteertrags,11-20% Erhöhung der Eigenproduktion,11-20% höheres Einkommen","Horizontale Freiflächen Agri-PV-Anlage auf Weide- oder Ackerland,Bis zu 10 Fussballfelder (ca. 10ha),500-1500 Meter,Grundstückseigentümer,6-10% Reduzierung des Ernteertrags,41-80% Erhöhung der Eigenproduktion,0-5% höheres Einkommen","Agri-PV-Anlage auf Gewächshäusern und Ersatz von Folientunneln,Bis zu einem Fussballfeld (ca. 1ha),1500-4500 Meter,Externe (nicht lokale) Investoren,0-5% Reduzierung des Ernteertrags,0-5% Erhöhung der Eigenproduktion,41-80% höheres Einkommen",1,5,5,1,5,5,1,2,2,1,3,1,2824,11,1,1,1
"23",NA,0,0,"FR",4650,NA,"2024-05-03 19:04:24","2024-05-03 19:04:24",NA,NA,NA,NA,NA,NA,NA,NA,NA,NA,NA,NA,NA,NA,NA,NA,NA,NA,NA,NA,NA,NA,NA,NA,NA,NA,NA,NA,NA,NA,NA,NA,NA,NA,NA,NA,NA,NA,NA,NA,0,0,0,"","","","","","","","",NA,NA,NA,NA,NA,NA,NA,NA,NA,NA,NA,NA,5627,11,1,1,1
"24",NA,1,0,"EN",6087,NA,"2024-05-03 20:11:17","2024-05-03 20:11:17",NA,NA,NA,NA,NA,NA,NA,NA,NA,NA,NA,NA,NA,NA,NA,NA,NA,NA,NA,NA,NA,NA,NA,NA,NA,NA,NA,NA,NA,NA,NA,NA,NA,NA,NA,NA,NA,NA,NA,NA,0,0,0,"","","","","","","","",NA,NA,NA,NA,NA,NA,NA,NA,NA,NA,NA,NA,5586,11,1,1,1
"25",1,1,80,"FR",2744,2575,"2024-05-03 20:14:57","2024-05-03 20:57:53",6,6,6,6,6,6,2,2,7,7,6,6,6,6,6,2,64,2,1,1,2,6,1,6,5,6,1,1,3,6,6,7,6,6,6,6,6,NA,NA,NA,0,0,0,"","","","","","","","",NA,NA,NA,NA,NA,NA,NA,NA,NA,NA,NA,NA,6608,11,1,1,1
"26",1,1,48,"EN",975,692,"2024-05-03 20:38:57","2024-05-03 20:50:29",NA,NA,NA,NA,NA,NA,4,4,7,7,7,7,7,7,4,2,23,1,1,2,4,7,4,4,NA,NA,NA,NA,NA,NA,NA,NA,NA,NA,NA,NA,NA,NA,NA,NA,1,0,0,"","","","","","","","",NA,NA,NA,NA,NA,NA,NA,NA,NA,NA,NA,NA,246,11,1,1,1
"27",1,1,79,"DE",11912,116779,"2024-05-04 07:49:48","2024-05-05 16:16:07",1,2,1,1,1,1,2,6,2,3,1,5,1,6,6,2,59,2,1,1,2,7,6,7,5,1,1,1,1,1,2,1,2,1,1,1,1,NA,NA,NA,0,0,0,"","","","","","","","",NA,NA,NA,NA,NA,NA,NA,NA,NA,NA,NA,NA,2701,11,1,1,1
"28",1,0,43,"DE",2199,602,"2024-05-04 07:50:42","2024-05-04 08:00:45",NA,NA,NA,NA,NA,NA,6,3,5,7,6,5,7,5,5,2,27,2,1,1,1,6,1,5,NA,NA,NA,NA,NA,NA,NA,NA,NA,NA,NA,NA,NA,NA,NA,NA,0,0,0,"","","","","","","","",NA,NA,NA,NA,NA,NA,NA,NA,NA,NA,NA,NA,2701,11,1,1,1
"29",1,1,7,"EN",2399,412,"2024-05-04 12:16:22","2024-05-04 12:23:15",NA,NA,NA,NA,NA,NA,NA,NA,NA,NA,NA,NA,NA,NA,NA,NA,18,2,1,2,3,NA,NA,NA,NA,NA,NA,NA,NA,NA,NA,NA,NA,NA,NA,NA,NA,NA,NA,NA,0,0,0,"","","","","","","","",NA,NA,NA,NA,NA,NA,NA,NA,NA,NA,NA,NA,6248,13,3,1,1
"30",1,1,80,"DE",7013,1466,"2024-05-04 13:25:34","2024-05-04 13:50:01",6,6,2,6,4,4,5,5,6,7,5,4,6,4,4,3,33,2,1,1,4,5,1,5,2,7,3,1,1,5,5,6,6,3,2,6,4,NA,NA,NA,0,0,0,"","","","","","","","",NA,NA,NA,NA,NA,NA,NA,NA,NA,NA,NA,NA,1508,13,3,1,1
"31",NA,1,0,"EN",15061,135,"2024-05-04 13:30:07","2024-05-04 13:32:23",NA,NA,NA,NA,NA,NA,NA,NA,NA,NA,NA,NA,NA,NA,NA,NA,NA,NA,NA,NA,NA,NA,NA,NA,NA,NA,NA,NA,NA,NA,NA,NA,NA,NA,NA,NA,NA,NA,NA,NA,0,0,0,"","","","","","","","",NA,NA,NA,NA,NA,NA,NA,NA,NA,NA,NA,NA,131,11,1,1,1
"32",1,1,9,"DE",12587,636,"2024-05-04 15:35:43","2024-05-04 15:46:20",NA,NA,NA,NA,NA,NA,NA,NA,NA,NA,NA,NA,NA,NA,NA,NA,56,2,1,1,2,NA,NA,NA,NA,NA,NA,NA,NA,NA,NA,NA,NA,NA,NA,NA,NA,NA,NA,NA,1,0,0,"","","","","","","","",NA,NA,NA,NA,NA,NA,NA,NA,NA,NA,NA,NA,261,11,1,1,1
"33",1,1,7,"EN",6137,325,"2024-05-04 17:15:10","2024-05-04 17:20:35",NA,NA,NA,NA,NA,NA,NA,NA,NA,NA,NA,NA,NA,NA,NA,NA,60,1,1,1,2,NA,NA,NA,NA,NA,NA,NA,NA,NA,NA,NA,NA,NA,NA,NA,NA,NA,NA,NA,0,0,0,"","","","","","","","",NA,NA,NA,NA,NA,NA,NA,NA,NA,NA,NA,NA,6640,11,1,1,1
"34",1,1,12,"FR",15497,2706,"2024-05-04 17:19:13","2024-05-04 18:04:20",NA,NA,NA,NA,NA,NA,NA,NA,NA,NA,NA,NA,NA,NA,NA,NA,1983,1,1,1,2,4,6,4,NA,NA,NA,NA,NA,NA,NA,NA,NA,NA,NA,NA,NA,NA,NA,NA,0,0,0,"","","","","","","","",NA,NA,NA,NA,NA,NA,NA,NA,NA,NA,NA,NA,6628,11,1,1,1
"35",1,1,2,"DE",5294,135,"2024-05-04 18:03:12","2024-05-04 18:05:27",NA,NA,NA,NA,NA,NA,NA,NA,NA,NA,NA,NA,NA,NA,NA,NA,36,NA,NA,NA,NA,NA,NA,NA,NA,NA,NA,NA,NA,NA,NA,NA,NA,NA,NA,NA,NA,NA,NA,NA,0,0,0,"","","","","","","","",NA,NA,NA,NA,NA,NA,NA,NA,NA,NA,NA,NA,2701,11,1,1,1
"36",1,1,23,"DE",9861,1067,"2024-05-04 18:08:30","2024-05-04 18:26:18",NA,NA,NA,NA,NA,NA,NA,NA,NA,NA,NA,NA,NA,NA,NA,NA,26,2,1,1,3,6,2,6,NA,NA,NA,NA,NA,NA,NA,NA,NA,NA,NA,NA,NA,NA,NA,NA,0,0,0,"","","","","","","","",NA,NA,NA,NA,NA,NA,NA,NA,NA,NA,NA,NA,2831,11,1,1,1
"37",1,1,69,"DE",5625,1122652,"2024-05-05 09:28:33","2024-05-18 09:19:25",NA,NA,NA,NA,NA,NA,1,4,1,1,1,1,1,1,1,1,54,2,1,1,2,7,4,4,4,4,3,3,3,4,4,4,NA,NA,NA,NA,NA,NA,NA,NA,0,0,0,"","","","","","","","",NA,NA,NA,NA,NA,NA,NA,NA,NA,NA,NA,NA,4048,11,1,1,1
"38",1,0,88,"DE",12572,1637,"2024-05-05 10:10:11","2024-05-05 10:37:29",5,2,2,5,2,2,5,5,3,6,3,3,5,5,5,2,39,1,1,2,4,7,1,7,5,4,1,1,1,3,4,3,3,3,3,3,3,NA,NA,NA,0,0,0,"Vertikale Freiflächen Agri-PV-Anlage auf Weide- oder Ackerland,Bis zu 10 Fussballfelder (ca. 10ha),0-500 Meter,Grundstückseigentümer,21-40% Reduzierung des Ernteertrags,11-20% Erhöhung der Eigenproduktion,6-10% höheres Einkommen","Horizontale Freiflächen Agri-PV-Anlage auf Weide- oder Ackerland,Bis zu einem Fussballfeld (ca. 1ha),500-1500 Meter,Externe (nicht lokale) Investoren,21-40% Reduzierung des Ernteertrags,11-20% Erhöhung der Eigenproduktion,0-5% höheres Einkommen","Vertikale Freiflächen Agri-PV-Anlage auf Weide- oder Ackerland,Bis zu 5 Fussballfelder (ca. 5ha),500-1500 Meter,Grundstückseigentümer,0-5% Reduzierung des Ernteertrags,41-80% Erhöhung der Eigenproduktion,21-40% höheres Einkommen","Vertikale Freiflächen Agri-PV-Anlage auf Weide- oder Ackerland,Bis zu einem Fussballfeld (ca. 1ha),1500-4500 Meter,Bäuerinnen und Bauern,6-10% Reduzierung des Ernteertrags,11-20% Erhöhung der Eigenproduktion,0-5% höheres Einkommen","Agri-PV-Anlage auf Gewächshäusern und Ersatz von Folientunneln,Bis zu einem Fussballfeld (ca. 1ha),1500-4500 Meter,Externe (nicht lokale) Investoren,0-5% Reduzierung des Ernteertrags,0-5% Erhöhung der Eigenproduktion,41-80% höheres Einkommen","Vertikale Freiflächen Agri-PV-Anlage auf Weide- oder Ackerland,Bis zu 5 Fussballfelder (ca. 5ha),0-500 Meter,Grundstückseigentümer,0-5% Reduzierung des Ernteertrags,21-40% Erhöhung der Eigenproduktion,21-40% höheres Einkommen","Vertikale Freiflächen Agri-PV-Anlage auf Weide- oder Ackerland,Bis zu 5 Fussballfelder (ca. 5ha),1500-4500 Meter,Energiegenossenschaft (z.B. lokale Bevölkerung),6-10% Reduzierung des Ernteertrags,6-10% Erhöhung der Eigenproduktion ,41-80% höheres Einkommen","Horizontale Freiflächen Agri-PV-Anlage auf Weide- oder Ackerland,Bis zu 5 Fussballfelder (ca. 5ha),0-500 Meter,Gemeinde,11-20% Reduzierung des Ernteertrags,11-20% Erhöhung der Eigenproduktion,41-80% höheres Einkommen",2,4,4,2,4,4,2,4,4,2,4,4,2939,12,2,1,1
"39",NA,0,0,"DE",6656,NA,"2024-05-05 10:18:51","2024-05-05 10:18:53",NA,NA,NA,NA,NA,NA,NA,NA,NA,NA,NA,NA,NA,NA,NA,NA,NA,NA,NA,NA,NA,NA,NA,NA,NA,NA,NA,NA,NA,NA,NA,NA,NA,NA,NA,NA,NA,NA,NA,NA,0,0,0,"","","","","","","","",NA,NA,NA,NA,NA,NA,NA,NA,NA,NA,NA,NA,231,22,5,2,1
"40",1,0,88,"FR",6810,3330,"2024-05-05 10:27:49","2024-05-05 11:23:20",2,2,2,4,4,2,7,4,6,7,5,6,6,6,3,1,22,1,1,1,5,7,7,7,7,1,3,3,3,5,6,4,1,1,1,4,1,NA,NA,NA,0,0,0,"Installations agri-PV sur des serres et remplacement de tunnels en plastique,Jusqu'à un terrain de football (env. 1ha),500-1500 mètres,Paysans et paysannes,Réduction de 6-10% du rendement de la récolte,Augmentation de 21-40% de la production propre,Augmentation de 6-10% du revenu des agriculteurs","Surfaces libres verticales pour installations agri-PV sur des pâturages ou des terres cultivées ,Jusqu'à 10 terrains de football (env. 10ha),1500-4500 mètres,Coopérative énergétique (par ex. citoyens locaux),Réduction de 11-20% du rendement de la récolte,Augmentation de 21-40% de la production propre,Augmentation de 21-40% du revenu des agriculteurs","Surfaces libres horizontales pour installations agri-PV sur des pâturage ou des terres cultivées,Jusqu'à un terrain de football (env. 1ha),500-1500 mètres,Commune,Réduction de 6-10% du rendement de la récolte,Augmentation de 41-80% de la production propre,Augmentation de 11-20% du revenu des agriculteurs","Surfaces libres horizontales pour installations agri-PV sur des pâturage ou des terres cultivées,Jusqu'à un terrain de football (env. 1ha),1500-4500 mètres,Fournisseur régional d'énergie,Réduction de 11-20% du rendement de la récolte,Augmentation de 0-5% de la production propre,Augmentation de 11-20% du revenu des agriculteurs","Surfaces libres verticales pour installations agri-PV sur des pâturages ou des terres cultivées ,Jusqu'à 10 terrains de football (env. 10ha),1500-4500 mètres,Commune,Réduction de 6-10% du rendement de la récolte,Augmentation de 11-20% de la production propre,Augmentation de 0-5% du revenu des agriculteurs","Surfaces libres horizontales pour installations agri-PV sur des pâturage ou des terres cultivées,Jusqu'à 5 terrains de football (env. 5ha),1500-4500 mètres,Coopérative énergétique (par ex. citoyens locaux),Réduction de 6-10% du rendement de la récolte,Augmentation de 11-20% de la production propre,Augmentation de 0-5% du revenu des agriculteurs","Surfaces libres verticales pour installations agri-PV sur des pâturages ou des terres cultivées ,Jusqu'à un terrain de football (env. 1ha),0-500 mètres,Coopérative énergétique (par ex. citoyens locaux),Réduction de 11-20% du rendement de la récolte,Augmentation de 11-20% de la production propre,Augmentation de 11-20% du revenu des agriculteurs","Installations agri-PV sur des serres et remplacement de tunnels en plastique,Jusqu'à un terrain de football (env. 1ha),0-500 mètres,Propriétaire du terrain,Réduction de 6-10% du rendement de la récolte,Augmentation de 11-20% de la production propre,Augmentation de 6-10% du revenu des agriculteurs",2,2,2,1,2,2,2,2,2,1,2,2,6621,11,1,1,1
"41",1,1,71,"FR",12896,1209,"2024-05-05 11:27:52","2024-05-05 11:48:02",NA,NA,NA,NA,NA,NA,7,3,5,5,1,4,4,5,5,1,44,1,1,2,4,7,7,1,3,5,1,1,3,4,5,5,4,3,1,2,NA,NA,NA,NA,0,0,0,"","","","","","","","",NA,NA,NA,NA,NA,NA,NA,NA,NA,NA,NA,NA,2125,13,3,1,1
"42",1,1,86,"DE",217,851,"2024-05-05 11:42:20","2024-05-05 11:56:32",5,3,5,6,5,3,7,7,3,4,2,5,5,7,4,1,42,1,1,2,4,6,7,5,1,6,1,1,1,5,5,6,5,5,5,4,6,NA,NA,NA,0,0,0,"Vertikale Freiflächen Agri-PV-Anlage auf Weide- oder Ackerland,Bis zu 10 Fussballfelder (ca. 10ha),500-1500 Meter,Grundstückseigentümer,0-5% Reduzierung des Ernteertrags,41-80% Erhöhung der Eigenproduktion,21-40% höheres Einkommen","Horizontale Freiflächen Agri-PV-Anlage auf Weide- oder Ackerland,Bis zu 10 Fussballfelder (ca. 10ha),500-1500 Meter,Externe (nicht lokale) Investoren,0-5% Reduzierung des Ernteertrags,21-40% Erhöhung der Eigenproduktion,41-80% höheres Einkommen","Vertikale Freiflächen Agri-PV-Anlage auf Weide- oder Ackerland,Bis zu 5 Fussballfelder (ca. 5ha),0-500 Meter,Regionaler Energieversorger,6-10% Reduzierung des Ernteertrags,41-80% Erhöhung der Eigenproduktion,21-40% höheres Einkommen","Agri-PV-Anlage auf Gewächshäusern und Ersatz von Folientunneln,Bis zu 5 Fussballfelder (ca. 5ha),1500-4500 Meter,Externe (nicht lokale) Investoren,41-80% Reduzierung des Ernteertrags,41-80% Erhöhung der Eigenproduktion,21-40% höheres Einkommen","Agri-PV-Anlage auf Gewächshäusern und Ersatz von Folientunneln,Bis zu 5 Fussballfelder (ca. 5ha),1500-4500 Meter,Energiegenossenschaft (z.B. lokale Bevölkerung),41-80% Reduzierung des Ernteertrags,6-10% Erhöhung der Eigenproduktion ,0-5% höheres Einkommen","Vertikale Freiflächen Agri-PV-Anlage auf Weide- oder Ackerland,Bis zu einem Fussballfeld (ca. 1ha),1500-4500 Meter,Energiegenossenschaft (z.B. lokale Bevölkerung),6-10% Reduzierung des Ernteertrags,11-20% Erhöhung der Eigenproduktion,41-80% höheres Einkommen","Agri-PV-Anlage auf Gewächshäusern und Ersatz von Folientunneln,Bis zu einem Fussballfeld (ca. 1ha),1500-4500 Meter,Energiegenossenschaft (z.B. lokale Bevölkerung),6-10% Reduzierung des Ernteertrags,11-20% Erhöhung der Eigenproduktion,41-80% höheres Einkommen","Horizontale Freiflächen Agri-PV-Anlage auf Weide- oder Ackerland,Bis zu 5 Fussballfelder (ca. 5ha),1500-4500 Meter,Energiegenossenschaft (z.B. lokale Bevölkerung),11-20% Reduzierung des Ernteertrags,21-40% Erhöhung der Eigenproduktion,11-20% höheres Einkommen",2,6,6,1,5,5,2,5,6,NA,NA,NA,4021,12,2,1,1
"43",1,0,36,"FR",8720,22523,"2024-05-05 13:32:51","2024-05-05 19:48:15",NA,NA,NA,NA,NA,NA,NA,NA,NA,NA,NA,NA,NA,NA,NA,NA,60,1,1,1,4,6,6,4,NA,NA,NA,NA,NA,NA,NA,NA,NA,NA,NA,NA,NA,NA,NA,NA,0,0,0,"","","","","","","","",NA,NA,NA,NA,NA,NA,NA,NA,NA,NA,NA,NA,6621,11,1,1,1
"44",1,0,25,"FR",7755,668,"2024-05-05 13:49:35","2024-05-05 14:00:43",NA,NA,NA,NA,NA,NA,NA,NA,NA,NA,NA,NA,NA,NA,NA,NA,49,1,1,2,4,6,1,6,NA,NA,NA,NA,NA,NA,NA,NA,NA,NA,NA,NA,NA,NA,NA,NA,0,0,0,"","","","","","","","",NA,NA,NA,NA,NA,NA,NA,NA,NA,NA,NA,NA,5590,11,1,1,1
"45",1,1,43,"DE",15779,3539,"2024-05-05 14:25:14","2024-05-05 15:24:14",NA,NA,NA,NA,NA,NA,3,4,5,3,6,6,6,6,5,5,1984,2,1,2,5,7,5,6,NA,NA,NA,NA,NA,NA,NA,NA,NA,NA,NA,NA,NA,NA,NA,NA,0,0,0,"","","","","","","","",NA,NA,NA,NA,NA,NA,NA,NA,NA,NA,NA,NA,351,11,1,1,1
"46",1,0,82,"DE",2757,2549,"2024-05-05 17:48:18","2024-05-05 18:30:47",1,1,3,3,2,1,6,6,3,6,2,3,1,6,3,1,63,1,1,1,3,1,7,1,4,1,1,1,1,3,3,3,3,2,1,3,4,NA,NA,NA,1,0,0,"Horizontale Freiflächen Agri-PV-Anlage auf Weide- oder Ackerland,Bis zu 10 Fussballfelder (ca. 10ha),0-500 Meter,Grundstückseigentümer,41-80% Reduzierung des Ernteertrags,11-20% Erhöhung der Eigenproduktion,11-20% höheres Einkommen","Horizontale Freiflächen Agri-PV-Anlage auf Weide- oder Ackerland,Bis zu 10 Fussballfelder (ca. 10ha),1500-4500 Meter,Regionaler Energieversorger,41-80% Reduzierung des Ernteertrags,0-5% Erhöhung der Eigenproduktion,0-5% höheres Einkommen","Horizontale Freiflächen Agri-PV-Anlage auf Weide- oder Ackerland,Bis zu einem Fussballfeld (ca. 1ha),1500-4500 Meter,Externe (nicht lokale) Investoren,21-40% Reduzierung des Ernteertrags,11-20% Erhöhung der Eigenproduktion,6-10% höheres Einkommen","Vertikale Freiflächen Agri-PV-Anlage auf Weide- oder Ackerland,Bis zu einem Fussballfeld (ca. 1ha),0-500 Meter,Externe (nicht lokale) Investoren,0-5% Reduzierung des Ernteertrags,11-20% Erhöhung der Eigenproduktion,41-80% höheres Einkommen","","","","",1,1,1,NA,NA,NA,NA,NA,NA,NA,NA,NA,791,33,9,3,1
"47",1,1,43,"DE",6278,39267,"2024-05-05 21:00:41","2024-05-06 07:55:09",NA,NA,NA,NA,NA,NA,4,5,6,6,3,4,6,6,6,5,47,2,1,1,1,7,6,6,NA,NA,NA,NA,NA,NA,NA,NA,NA,NA,NA,NA,NA,NA,NA,NA,1,0,0,"","","","","","","","",NA,NA,NA,NA,NA,NA,NA,NA,NA,NA,NA,NA,843,31,7,3,1
"48",1,0,25,"DE",14073,1728,"2024-05-05 21:12:09","2024-05-05 21:40:57",NA,NA,NA,NA,NA,NA,NA,NA,NA,NA,NA,NA,NA,NA,NA,NA,20,2,1,2,1,5,2,6,NA,NA,NA,NA,NA,NA,NA,NA,NA,NA,NA,NA,NA,NA,NA,NA,0,0,0,"","","","","","","","",NA,NA,NA,NA,NA,NA,NA,NA,NA,NA,NA,NA,121,11,1,1,1
"49",1,0,79,"DE",7693,1402,"2024-05-05 21:31:36","2024-05-05 21:54:59",4,5,1,6,2,5,4,3,5,7,6,6,4,6,3,5,43,2,1,1,4,6,3,4,2,4,1,1,3,5,5,5,5,5,2,4,4,NA,NA,NA,0,0,0,"","","","","","","","",NA,NA,NA,NA,NA,NA,NA,NA,NA,NA,NA,NA,1058,12,2,1,1
"50",1,0,77,"FR",12804,251317,"2024-05-05 22:31:19","2024-05-08 20:19:56",3,5,4,6,2,4,6,7,6,6,3,4,3,6,3,2,33,1,1,2,3,5,2,6,1,6,1,3,3,5,5,6,6,5,3,5,5,NA,NA,NA,0,0,0,"","","","","","","","",NA,NA,NA,NA,NA,NA,NA,NA,NA,NA,NA,NA,261,11,1,1,1
"51",1,0,86,"DE",7770,342291,"2024-05-06 12:12:14","2024-05-10 11:17:06",7,7,7,7,7,7,7,7,7,7,7,7,7,7,7,6,38,1,1,1,4,5,2,6,5,7,1,1,3,7,7,7,7,7,7,7,7,NA,NA,NA,0,0,0,"Horizontale Freiflächen Agri-PV-Anlage auf Weide- oder Ackerland,Bis zu 5 Fussballfelder (ca. 5ha),1500-4500 Meter,Grundstückseigentümer,6-10% Reduzierung des Ernteertrags,41-80% Erhöhung der Eigenproduktion,0-5% höheres Einkommen","Horizontale Freiflächen Agri-PV-Anlage auf Weide- oder Ackerland,Bis zu 10 Fussballfelder (ca. 10ha),500-1500 Meter,Bäuerinnen und Bauern,41-80% Reduzierung des Ernteertrags,41-80% Erhöhung der Eigenproduktion,11-20% höheres Einkommen","Agri-PV-Anlage auf Gewächshäusern und Ersatz von Folientunneln,Bis zu 5 Fussballfelder (ca. 5ha),0-500 Meter,Grundstückseigentümer,11-20% Reduzierung des Ernteertrags,0-5% Erhöhung der Eigenproduktion,21-40% höheres Einkommen","Agri-PV-Anlage auf Gewächshäusern und Ersatz von Folientunneln,Bis zu einem Fussballfeld (ca. 1ha),0-500 Meter,Regionaler Energieversorger,41-80% Reduzierung des Ernteertrags,11-20% Erhöhung der Eigenproduktion,0-5% höheres Einkommen","Agri-PV-Anlage auf Gewächshäusern und Ersatz von Folientunneln,Bis zu 10 Fussballfelder (ca. 10ha),0-500 Meter,Externe (nicht lokale) Investoren,6-10% Reduzierung des Ernteertrags,41-80% Erhöhung der Eigenproduktion,0-5% höheres Einkommen","Vertikale Freiflächen Agri-PV-Anlage auf Weide- oder Ackerland,Bis zu 5 Fussballfelder (ca. 5ha),500-1500 Meter,Gemeinde,0-5% Reduzierung des Ernteertrags,21-40% Erhöhung der Eigenproduktion,6-10% höheres Einkommen","Vertikale Freiflächen Agri-PV-Anlage auf Weide- oder Ackerland,Bis zu 10 Fussballfelder (ca. 10ha),0-500 Meter,Bäuerinnen und Bauern,11-20% Reduzierung des Ernteertrags,0-5% Erhöhung der Eigenproduktion,0-5% höheres Einkommen","Horizontale Freiflächen Agri-PV-Anlage auf Weide- oder Ackerland,Bis zu 10 Fussballfelder (ca. 10ha),1500-4500 Meter,Regionaler Energieversorger,21-40% Reduzierung des Ernteertrags,21-40% Erhöhung der Eigenproduktion,6-10% höheres Einkommen",1,7,7,1,7,7,1,7,7,NA,NA,NA,1061,12,2,1,1
"52",1,1,80,"EN",379,7313,"2024-05-06 12:35:17","2024-05-06 14:37:10",6,5,3,5,4,4,4,1,3,6,4,2,3,5,5,3,47.5,2,1,2,3,6,2,7,6,7,3,1,1,6,6,6,4,5,7,6,6,NA,NA,NA,0,0,0,"Horizontal open space Agri-PV systems on pasture or arable land,Up to 10 football pitches (approx. 10ha),500-1500 meters,Landowner,0-5% reduction in crop yield,41-80% increase in own production,11-20% higher income","Vertical open space Agri-PV systems on pasture or arable land,Up to one football pitch (approx. 1ha),1500-4500 meters,Energy cooperative (e.g. local population),21-40% reduction in crop yield,6-10% increase in own production ,41-80% higher income","","","","","","",NA,NA,NA,NA,NA,NA,NA,NA,NA,NA,NA,NA,2762,11,1,1,1
"53",1,1,7,"DE",12649,59,"2024-05-06 12:56:04","2024-05-06 12:57:04",NA,NA,NA,NA,NA,NA,NA,NA,NA,NA,NA,NA,NA,NA,NA,NA,23,2,1,1,2,NA,NA,NA,NA,NA,NA,NA,NA,NA,NA,NA,NA,NA,NA,NA,NA,NA,NA,NA,0,0,0,"","","","","","","","",NA,NA,NA,NA,NA,NA,NA,NA,NA,NA,NA,NA,3271,13,3,1,1
"54",NA,0,0,"DE",16325,NA,"2024-05-06 16:49:06","2024-05-06 16:49:06",NA,NA,NA,NA,NA,NA,NA,NA,NA,NA,NA,NA,NA,NA,NA,NA,NA,NA,NA,NA,NA,NA,NA,NA,NA,NA,NA,NA,NA,NA,NA,NA,NA,NA,NA,NA,NA,NA,NA,NA,0,0,0,"","","","","","","","",NA,NA,NA,NA,NA,NA,NA,NA,NA,NA,NA,NA,4864,32,8,3,1
"55",1,0,25,"DE",7725,1163,"2024-05-06 17:00:13","2024-05-06 17:19:36",NA,NA,NA,NA,NA,NA,NA,NA,NA,NA,NA,NA,NA,NA,NA,NA,85,1,1,2,2,7,2,6,NA,NA,NA,NA,NA,NA,NA,NA,NA,NA,NA,NA,NA,NA,NA,NA,1,0,0,"","","","","","","","",NA,NA,NA,NA,NA,NA,NA,NA,NA,NA,NA,NA,2833,22,5,2,1
"56",1,1,84,"FR",6947,1887,"2024-05-06 18:26:50","2024-05-06 18:58:17",1,1,1,1,1,1,7,7,7,6,1,5,1,5,5,1,63,1,1,2,2,4,3,7,5,1,1,1,1,3,3,3,1,1,1,1,1,NA,NA,NA,0,0,0,"Surfaces libres verticales pour installations agri-PV sur des pâturages ou des terres cultivées ,Jusqu'à 10 terrains de football (env. 10ha),500-1500 mètres,Investisseurs externes (non locaux),Réduction de 21-40% du rendement de la récolte,Augmentation de 6-10% de la production propre,Augmentation de 41-80% du revenu des agriculteurs","Surfaces libres horizontales pour installations agri-PV sur des pâturage ou des terres cultivées,Jusqu'à un terrain de football (env. 1ha),500-1500 mètres,Commune,Réduction de 6-10% du rendement de la récolte,Augmentation de 11-20% de la production propre,Augmentation de 11-20% du revenu des agriculteurs","Surfaces libres horizontales pour installations agri-PV sur des pâturage ou des terres cultivées,Jusqu'à un terrain de football (env. 1ha),500-1500 mètres,Coopérative énergétique (par ex. citoyens locaux),Réduction de 41-80% du rendement de la récolte,Augmentation de 41-80% de la production propre,Augmentation de 6-10% du revenu des agriculteurs","Installations agri-PV sur des serres et remplacement de tunnels en plastique,Jusqu'à 10 terrains de football (env. 10ha),0-500 mètres,Commune,Réduction de 11-20% du rendement de la récolte,Augmentation de 6-10% de la production propre,Augmentation de 6-10% du revenu des agriculteurs","Surfaces libres verticales pour installations agri-PV sur des pâturages ou des terres cultivées ,Jusqu'à un terrain de football (env. 1ha),500-1500 mètres,Coopérative énergétique (par ex. citoyens locaux),Réduction de 11-20% du rendement de la récolte,Augmentation de 21-40% de la production propre,Augmentation de 11-20% du revenu des agriculteurs","Surfaces libres horizontales pour installations agri-PV sur des pâturage ou des terres cultivées,Jusqu'à 10 terrains de football (env. 10ha),1500-4500 mètres,Fournisseur régional d'énergie,Réduction de 41-80% du rendement de la récolte,Augmentation de 41-80% de la production propre,Augmentation de 0-5% du revenu des agriculteurs","","",2,1,5,2,2,5,NA,NA,NA,NA,NA,NA,6621,11,1,1,1
"57",1,0,82,"FR",5720,15797,"2024-05-07 11:16:04","2024-05-07 15:39:21",5,5,4,5,3,5,5,5,1,7,1,5,3,5,5,2,1960,1,1,1,2,7,1,7,5,5,1,1,1,5,5,5,3,3,5,5,4,NA,NA,NA,0,0,0,"Surfaces libres horizontales pour installations agri-PV sur des pâturage ou des terres cultivées,Jusqu'à 10 terrains de football (env. 10ha),500-1500 mètres,Fournisseur régional d'énergie,Réduction de 11-20% du rendement de la récolte,Augmentation de 41-80% de la production propre,Augmentation de 0-5% du revenu des agriculteurs","Installations agri-PV sur des serres et remplacement de tunnels en plastique,Jusqu'à 5 terrains de football (env. 5ha),0-500 mètres,Commune,Réduction de 21-40% du rendement de la récolte,Augmentation de 0-5% de la production propre,Augmentation de 0-5% du revenu des agriculteurs","Surfaces libres horizontales pour installations agri-PV sur des pâturage ou des terres cultivées,Jusqu'à 10 terrains de football (env. 10ha),0-500 mètres,Fournisseur régional d'énergie,Réduction de 6-10% du rendement de la récolte,Augmentation de 6-10% de la production propre,Augmentation de 21-40% du revenu des agriculteurs","Surfaces libres horizontales pour installations agri-PV sur des pâturage ou des terres cultivées,Jusqu'à 10 terrains de football (env. 10ha),0-500 mètres,Propriétaire du terrain,Réduction de 0-5% du rendement de la récolte,Augmentation de 11-20% de la production propre,Augmentation de 11-20% du revenu des agriculteurs","","","","",1,5,2,NA,NA,NA,NA,NA,NA,NA,NA,NA,2325,21,4,2,1
"58",1,1,88,"DE",14779,622,"2024-05-07 11:16:16","2024-05-07 11:26:39",4,5,6,6,6,6,4,3,6,6,5,4,6,4,4,2,32,2,1,1,2,7,3,5,1,4,1,1,1,5,5,5,4,5,4,4,4,NA,NA,NA,0,0,0,"Horizontale Freiflächen Agri-PV-Anlage auf Weide- oder Ackerland,Bis zu 5 Fussballfelder (ca. 5ha),0-500 Meter,Regionaler Energieversorger,21-40% Reduzierung des Ernteertrags,11-20% Erhöhung der Eigenproduktion,41-80% höheres Einkommen","Horizontale Freiflächen Agri-PV-Anlage auf Weide- oder Ackerland,Bis zu 10 Fussballfelder (ca. 10ha),1500-4500 Meter,Bäuerinnen und Bauern,6-10% Reduzierung des Ernteertrags,21-40% Erhöhung der Eigenproduktion,21-40% höheres Einkommen","Vertikale Freiflächen Agri-PV-Anlage auf Weide- oder Ackerland,Bis zu 5 Fussballfelder (ca. 5ha),1500-4500 Meter,Regionaler Energieversorger,11-20% Reduzierung des Ernteertrags,41-80% Erhöhung der Eigenproduktion,41-80% höheres Einkommen","Horizontale Freiflächen Agri-PV-Anlage auf Weide- oder Ackerland,Bis zu einem Fussballfeld (ca. 1ha),500-1500 Meter,Externe (nicht lokale) Investoren,6-10% Reduzierung des Ernteertrags,0-5% Erhöhung der Eigenproduktion,21-40% höheres Einkommen","Horizontale Freiflächen Agri-PV-Anlage auf Weide- oder Ackerland,Bis zu 5 Fussballfelder (ca. 5ha),500-1500 Meter,Bäuerinnen und Bauern,0-5% Reduzierung des Ernteertrags,6-10% Erhöhung der Eigenproduktion ,41-80% höheres Einkommen","Vertikale Freiflächen Agri-PV-Anlage auf Weide- oder Ackerland,Bis zu 5 Fussballfelder (ca. 5ha),1500-4500 Meter,Energiegenossenschaft (z.B. lokale Bevölkerung),21-40% Reduzierung des Ernteertrags,11-20% Erhöhung der Eigenproduktion,0-5% höheres Einkommen","Agri-PV-Anlage auf Gewächshäusern und Ersatz von Folientunneln,Bis zu 10 Fussballfelder (ca. 10ha),1500-4500 Meter,Grundstückseigentümer,6-10% Reduzierung des Ernteertrags,21-40% Erhöhung der Eigenproduktion,6-10% höheres Einkommen","Horizontale Freiflächen Agri-PV-Anlage auf Weide- oder Ackerland,Bis zu 5 Fussballfelder (ca. 5ha),1500-4500 Meter,Grundstückseigentümer,0-5% Reduzierung des Ernteertrags,6-10% Erhöhung der Eigenproduktion ,41-80% höheres Einkommen",2,4,4,1,3,4,1,2,6,2,6,5,1372,13,3,1,1
"59",1,1,75,"DE",10984,17218,"2024-05-07 13:05:50","2024-05-07 17:52:49",NA,NA,NA,NA,NA,NA,5,2,4,7,4,5,6,6,2,2,40,1,1,1,3,6,2,5,2,6,1,1,1,4,4,5,4,5,5,5,3,NA,NA,NA,0,0,0,"","","","","","","","",NA,NA,NA,NA,NA,NA,NA,NA,NA,NA,NA,NA,942,12,2,1,1
"60",1,0,80,"DE",9885,1142,"2024-05-07 14:19:38","2024-05-07 14:38:41",6,3,3,6,5,6,3,6,5,7,7,7,5,4,4,5,44,2,1,1,4,5,3,1,2,7,1,1,1,7,6,6,5,5,3,4,4,NA,NA,NA,0,0,0,"","","","","","","","",NA,NA,NA,NA,NA,NA,NA,NA,NA,NA,NA,NA,249,11,1,1,1
"61",1,1,80,"DE",3318,1625,"2024-05-07 14:43:55","2024-05-07 15:11:01",4,4,4,4,4,4,5,2,5,7,6,6,7,3,3,3,38,2,1,1,3,5,2,6,1,7,1,1,1,6,6,6,6,4,4,4,4,NA,NA,NA,0,0,0,"","","","","","","","",NA,NA,NA,NA,NA,NA,NA,NA,NA,NA,NA,NA,1061,12,2,1,1
"62",1,1,37,"FR",4783,850,"2024-05-07 15:05:07","2024-05-07 15:19:18",NA,NA,NA,NA,NA,NA,NA,NA,NA,NA,NA,NA,NA,NA,NA,NA,63,2,1,1,2,7,5,4,NA,NA,NA,NA,NA,NA,NA,NA,NA,NA,NA,NA,NA,NA,NA,NA,0,0,0,"","","","","","","","",NA,NA,NA,NA,NA,NA,NA,NA,NA,NA,NA,NA,5892,12,2,1,1
"63",1,1,80,"FR",3281,1896,"2024-05-07 17:32:02","2024-05-07 18:03:39",5,6,5,7,6,4,6,5,4,7,7,5,5,3,2,4,48,1,1,2,1,5,1,6,4,6,1,1,1,5,5,6,7,7,6,6,6,NA,NA,NA,0,0,0,"Surfaces libres verticales pour installations agri-PV sur des pâturages ou des terres cultivées ,Jusqu'à 10 terrains de football (env. 10ha),500-1500 mètres,Commune,Réduction de 6-10% du rendement de la récolte,Augmentation de 41-80% de la production propre,Augmentation de 11-20% du revenu des agriculteurs","Surfaces libres horizontales pour installations agri-PV sur des pâturage ou des terres cultivées,Jusqu'à 10 terrains de football (env. 10ha),0-500 mètres,Commune,Réduction de 41-80% du rendement de la récolte,Augmentation de 41-80% de la production propre,Augmentation de 6-10% du revenu des agriculteurs","","","","","","",NA,NA,NA,NA,NA,NA,NA,NA,NA,NA,NA,NA,2701,11,1,1,1
"64",1,1,64,"DE",16048,6184,"2024-05-07 18:36:35","2024-05-07 20:19:39",NA,NA,NA,NA,NA,NA,4,6,4,7,7,3,3,4,3,2,54,2,1,1,4,6,3,6,2,5,1,1,1,4,1,NA,NA,NA,NA,NA,NA,NA,NA,NA,0,0,0,"","","","","","","","",NA,NA,NA,NA,NA,NA,NA,NA,NA,NA,NA,NA,769,22,5,2,1
"65",1,1,43,"EN",9610,10888,"2024-05-08 08:24:53","2024-05-08 11:26:21",NA,NA,NA,NA,NA,NA,5,5,5,7,4,7,7,7,4,2,31,2,1,2,1,7,2,4,NA,NA,NA,NA,NA,NA,NA,NA,NA,NA,NA,NA,NA,NA,NA,NA,0,0,0,"","","","","","","","",NA,NA,NA,NA,NA,NA,NA,NA,NA,NA,NA,NA,261,11,1,1,1
"66",NA,1,0,"DE",1782,20,"2024-05-08 09:44:27","2024-05-08 09:44:47",NA,NA,NA,NA,NA,NA,NA,NA,NA,NA,NA,NA,NA,NA,NA,NA,NA,NA,NA,NA,NA,NA,NA,NA,NA,NA,NA,NA,NA,NA,NA,NA,NA,NA,NA,NA,NA,NA,NA,NA,0,0,0,"","","","","","","","",NA,NA,NA,NA,NA,NA,NA,NA,NA,NA,NA,NA,243,11,1,1,1
"67",1,0,9,"DE",5866,4336063,"2024-05-08 11:38:13","2024-06-27 16:05:56",NA,NA,NA,NA,NA,NA,NA,NA,NA,NA,NA,NA,NA,NA,NA,NA,69,2,1,1,2,NA,NA,NA,NA,NA,NA,NA,NA,NA,NA,NA,NA,NA,NA,NA,NA,NA,NA,NA,1,0,0,"","","","","","","","",NA,NA,NA,NA,NA,NA,NA,NA,NA,NA,NA,NA,1503,32,8,3,1
"68",1,1,72,"DE",4490,1138367,"2024-05-08 11:48:43","2024-05-21 16:01:30",NA,NA,NA,NA,NA,NA,6,6,5,5,1,1,1,5,5,4,57,99,1,2,3,5,6,2,5,4,1,1,1,2,2,4,4,4,4,4,NA,NA,NA,NA,0,0,0,"","","","","","","","",NA,NA,NA,NA,NA,NA,NA,NA,NA,NA,NA,NA,4256,23,6,2,1
"69",1,1,70,"DE",16366,1050,"2024-05-08 13:24:45","2024-05-08 13:42:15",NA,NA,NA,NA,NA,NA,6,6,6,3,3,3,5,4,4,4,25,2,1,1,2,6,1,7,2,4,1,1,1,3,3,5,5,5,5,NA,NA,NA,NA,NA,0,0,0,"","","","","","","","",NA,NA,NA,NA,NA,NA,NA,NA,NA,NA,NA,NA,155,11,1,1,1
"70",1,1,78,"DE",11496,164397,"2024-05-08 13:29:31","2024-05-10 11:09:28",3,4,4,6,4,4,6,5,5,7,7,4,7,4,5,4,49,2,1,1,4,5,2,5,3,7,1,1,1,2,7,6,6,6,4,5,5,NA,NA,NA,0,0,0,"","","","","","","","",NA,NA,NA,NA,NA,NA,NA,NA,NA,NA,NA,NA,261,11,1,1,1
"71",1,0,43,"DE",2497,4511,"2024-05-09 09:35:04","2024-05-09 10:50:16",NA,NA,NA,NA,NA,NA,7,6,6,7,1,6,2,6,2,1,53,2,1,1,2,6,5,5,NA,NA,NA,NA,NA,NA,NA,NA,NA,NA,NA,NA,NA,NA,NA,NA,0,0,0,"","","","","","","","",NA,NA,NA,NA,NA,NA,NA,NA,NA,NA,NA,NA,4045,12,2,1,1
"72",1,0,69,"DE",13207,1268,"2024-05-09 10:36:16","2024-05-09 10:57:25",NA,NA,NA,NA,NA,NA,6,6,2,6,1,2,1,2,2,1,1987,2,1,1,4,2,6,5,4,1,1,1,1,5,5,4,NA,NA,NA,NA,NA,NA,NA,NA,1,0,0,"","","","","","","","",NA,NA,NA,NA,NA,NA,NA,NA,NA,NA,NA,NA,1362,13,3,1,1
"73",1,1,89,"DE",12526,1959,"2024-05-09 11:51:09","2024-05-09 12:23:48",3,4,2,4,4,4,4,4,1,6,2,3,3,3,3,2,55,1,1,1,2,5,3,5,2,5,1,1,1,5,5,5,5,5,5,2,1,NA,NA,NA,1,0,0,"Agri-PV-Anlage auf Gewächshäusern und Ersatz von Folientunneln,Bis zu 5 Fussballfelder (ca. 5ha),500-1500 Meter,Externe (nicht lokale) Investoren,0-5% Reduzierung des Ernteertrags,21-40% Erhöhung der Eigenproduktion,0-5% höheres Einkommen","Vertikale Freiflächen Agri-PV-Anlage auf Weide- oder Ackerland,Bis zu 5 Fussballfelder (ca. 5ha),0-500 Meter,Externe (nicht lokale) Investoren,21-40% Reduzierung des Ernteertrags,21-40% Erhöhung der Eigenproduktion,41-80% höheres Einkommen","Horizontale Freiflächen Agri-PV-Anlage auf Weide- oder Ackerland,Bis zu einem Fussballfeld (ca. 1ha),1500-4500 Meter,Grundstückseigentümer,6-10% Reduzierung des Ernteertrags,6-10% Erhöhung der Eigenproduktion ,11-20% höheres Einkommen","Vertikale Freiflächen Agri-PV-Anlage auf Weide- oder Ackerland,Bis zu einem Fussballfeld (ca. 1ha),500-1500 Meter,Energiegenossenschaft (z.B. lokale Bevölkerung),41-80% Reduzierung des Ernteertrags,11-20% Erhöhung der Eigenproduktion,0-5% höheres Einkommen","Agri-PV-Anlage auf Gewächshäusern und Ersatz von Folientunneln,Bis zu 10 Fussballfelder (ca. 10ha),500-1500 Meter,Energiegenossenschaft (z.B. lokale Bevölkerung),0-5% Reduzierung des Ernteertrags,6-10% Erhöhung der Eigenproduktion ,41-80% höheres Einkommen","Agri-PV-Anlage auf Gewächshäusern und Ersatz von Folientunneln,Bis zu 5 Fussballfelder (ca. 5ha),0-500 Meter,Energiegenossenschaft (z.B. lokale Bevölkerung),21-40% Reduzierung des Ernteertrags,41-80% Erhöhung der Eigenproduktion,11-20% höheres Einkommen","Horizontale Freiflächen Agri-PV-Anlage auf Weide- oder Ackerland,Bis zu 5 Fussballfelder (ca. 5ha),0-500 Meter,Regionaler Energieversorger,11-20% Reduzierung des Ernteertrags,6-10% Erhöhung der Eigenproduktion ,41-80% höheres Einkommen","Horizontale Freiflächen Agri-PV-Anlage auf Weide- oder Ackerland,Bis zu 5 Fussballfelder (ca. 5ha),500-1500 Meter,Bäuerinnen und Bauern,11-20% Reduzierung des Ernteertrags,11-20% Erhöhung der Eigenproduktion,6-10% höheres Einkommen",1,2,3,1,3,2,1,3,2,1,3,2,136,11,1,1,1
"74",1,1,50,"DE",14031,715,"2024-05-09 14:48:07","2024-05-09 15:00:03",NA,NA,NA,NA,NA,NA,7,7,7,4,1,6,1,5,3,2,67,1,1,1,3,6,6,1,1,NA,NA,NA,NA,NA,NA,NA,NA,NA,NA,NA,NA,NA,NA,NA,0,0,0,"","","","","","","","",NA,NA,NA,NA,NA,NA,NA,NA,NA,NA,NA,NA,155,11,1,1,1
"75",1,1,43,"DE",14566,422,"2024-05-10 11:39:46","2024-05-10 11:46:49",NA,NA,NA,NA,NA,NA,6,6,NA,NA,NA,NA,NA,NA,NA,NA,30,1,1,1,1,2,4,4,NA,NA,NA,NA,NA,NA,NA,NA,NA,NA,NA,NA,NA,NA,NA,NA,0,0,0,"","","","","","","","",NA,NA,NA,NA,NA,NA,NA,NA,NA,NA,NA,NA,2939,12,2,1,1
"76",1,0,25,"DE",15341,1020966,"2024-05-10 14:33:28","2024-05-22 10:09:35",NA,NA,NA,NA,NA,NA,NA,NA,NA,NA,NA,NA,NA,NA,NA,NA,50,1,1,1,5,7,1,7,NA,NA,NA,NA,NA,NA,NA,NA,NA,NA,NA,NA,NA,NA,NA,NA,0,0,0,"","","","","","","","",NA,NA,NA,NA,NA,NA,NA,NA,NA,NA,NA,NA,2583,12,2,1,1
"77",1,1,78,"DE",5410,950718,"2024-05-10 15:20:48","2024-05-21 15:26:06",4,4,7,7,7,5,5,1,7,7,7,7,7,7,7,3,31,1,1,2,2,6,1,5,1,7,1,1,3,7,7,6,7,7,7,7,7,NA,NA,NA,0,0,0,"","","","","","","","",NA,NA,NA,NA,NA,NA,NA,NA,NA,NA,NA,NA,4671,13,3,1,1
"78",1,1,43,"EN",3839,1382,"2024-05-10 23:16:36","2024-05-10 23:39:39",NA,NA,NA,NA,NA,NA,6,6,3,7,3,6,5,6,3,1,34,1,1,2,2,7,2,6,NA,NA,NA,NA,NA,NA,NA,NA,NA,NA,NA,NA,NA,NA,NA,NA,0,0,0,"","","","","","","","",NA,NA,NA,NA,NA,NA,NA,NA,NA,NA,NA,NA,141,11,1,1,1
"79",1,1,43,"DE",3323,1060,"2024-05-11 12:53:28","2024-05-11 13:11:08",NA,NA,NA,NA,NA,NA,2,2,2,6,2,5,1,5,5,1,69,2,1,1,1,2,6,6,NA,NA,NA,NA,NA,NA,NA,NA,NA,NA,NA,NA,NA,NA,NA,NA,0,0,0,"","","","","","","","",NA,NA,NA,NA,NA,NA,NA,NA,NA,NA,NA,NA,2701,11,1,1,1
"80",1,1,80,"FR",5562,898,"2024-05-11 22:04:44","2024-05-11 22:19:42",1,1,1,1,1,1,6,7,2,5,1,6,1,4,4,5,52,1,1,1,4,6,5,3,2,4,1,1,1,2,2,2,2,1,1,1,1,NA,NA,NA,0,0,0,"","","","","","","","",NA,NA,NA,NA,NA,NA,NA,NA,NA,NA,NA,NA,6619,11,1,1,1
"81",1,0,7,"DE",12826,28592,"2024-05-12 09:05:50","2024-05-12 17:02:23",NA,NA,NA,NA,NA,NA,NA,NA,NA,NA,NA,NA,NA,NA,NA,NA,55,1,1,1,5,NA,NA,NA,NA,NA,NA,NA,NA,NA,NA,NA,NA,NA,NA,NA,NA,NA,NA,NA,1,0,0,"","","","","","","","",NA,NA,NA,NA,NA,NA,NA,NA,NA,NA,NA,NA,1372,13,3,1,1
"82",1,1,1,"DE",10911,133,"2024-05-12 16:48:46","2024-05-12 16:50:59",NA,NA,NA,NA,NA,NA,NA,NA,NA,NA,NA,NA,NA,NA,NA,NA,NA,NA,NA,NA,NA,NA,NA,NA,NA,NA,NA,NA,NA,NA,NA,NA,NA,NA,NA,NA,NA,NA,NA,NA,0,0,0,"","","","","","","","",NA,NA,NA,NA,NA,NA,NA,NA,NA,NA,NA,NA,1059,12,2,1,1
"83",1,0,37,"FR",15067,760,"2024-05-12 20:05:34","2024-05-12 20:18:15",NA,NA,NA,NA,NA,NA,NA,NA,NA,NA,NA,NA,NA,NA,NA,NA,44,2,1,1,5,5,4,5,NA,NA,NA,NA,NA,NA,NA,NA,NA,NA,NA,NA,NA,NA,NA,NA,0,0,0,"","","","","","","","",NA,NA,NA,NA,NA,NA,NA,NA,NA,NA,NA,NA,5892,12,2,1,1
"84",NA,0,0,"DE",7867,35,"2024-05-13 09:10:01","2024-05-13 09:10:36",NA,NA,NA,NA,NA,NA,NA,NA,NA,NA,NA,NA,NA,NA,NA,NA,NA,NA,NA,NA,NA,NA,NA,NA,NA,NA,NA,NA,NA,NA,NA,NA,NA,NA,NA,NA,NA,NA,NA,NA,0,0,0,"","","","","","","","",NA,NA,NA,NA,NA,NA,NA,NA,NA,NA,NA,NA,2763,11,1,1,1
"85",1,1,84,"DE",1598,16876,"2024-05-13 12:52:26","2024-05-13 17:33:42",3,3,3,3,3,3,5,5,4,5,1,5,1,3,2,4,67,1,1,1,2,5,6,2,5,3,3,1,1,2,2,3,3,3,3,3,3,NA,NA,NA,1,0,0,"Vertikale Freiflächen Agri-PV-Anlage auf Weide- oder Ackerland,Bis zu einem Fussballfeld (ca. 1ha),500-1500 Meter,Regionaler Energieversorger,21-40% Reduzierung des Ernteertrags,41-80% Erhöhung der Eigenproduktion,11-20% höheres Einkommen","Vertikale Freiflächen Agri-PV-Anlage auf Weide- oder Ackerland,Bis zu einem Fussballfeld (ca. 1ha),0-500 Meter,Bäuerinnen und Bauern,6-10% Reduzierung des Ernteertrags,0-5% Erhöhung der Eigenproduktion,21-40% höheres Einkommen","Horizontale Freiflächen Agri-PV-Anlage auf Weide- oder Ackerland,Bis zu 5 Fussballfelder (ca. 5ha),0-500 Meter,Bäuerinnen und Bauern,0-5% Reduzierung des Ernteertrags,11-20% Erhöhung der Eigenproduktion,41-80% höheres Einkommen","Agri-PV-Anlage auf Gewächshäusern und Ersatz von Folientunneln,Bis zu 5 Fussballfelder (ca. 5ha),500-1500 Meter,Energiegenossenschaft (z.B. lokale Bevölkerung),0-5% Reduzierung des Ernteertrags,6-10% Erhöhung der Eigenproduktion ,6-10% höheres Einkommen","Agri-PV-Anlage auf Gewächshäusern und Ersatz von Folientunneln,Bis zu 10 Fussballfelder (ca. 10ha),0-500 Meter,Gemeinde,21-40% Reduzierung des Ernteertrags,41-80% Erhöhung der Eigenproduktion,41-80% höheres Einkommen","Vertikale Freiflächen Agri-PV-Anlage auf Weide- oder Ackerland,Bis zu 10 Fussballfelder (ca. 10ha),1500-4500 Meter,Bäuerinnen und Bauern,0-5% Reduzierung des Ernteertrags,0-5% Erhöhung der Eigenproduktion,6-10% höheres Einkommen","","",1,3,3,1,3,3,NA,NA,NA,NA,NA,NA,1711,12,2,1,1
"86",1,0,69,"DE",10746,1160,"2024-05-14 19:42:20","2024-05-14 20:01:41",NA,NA,NA,NA,NA,NA,7,5,1,7,1,5,5,4,4,1,38,1,1,1,3,6,2,6,1,4,1,1,1,4,4,4,NA,NA,NA,NA,NA,NA,NA,NA,0,0,0,"","","","","","","","",NA,NA,NA,NA,NA,NA,NA,NA,NA,NA,NA,NA,6110,31,7,3,1
"87",1,0,80,"FR",3041,1592,"2024-05-14 20:16:54","2024-05-14 20:43:27",1,1,1,1,1,1,2,7,1,1,1,3,1,4,4,3,39,1,1,1,2,7,1,7,1,1,1,3,3,1,1,1,3,1,1,4,1,NA,NA,NA,0,0,0,"","","","","","","","",NA,NA,NA,NA,NA,NA,NA,NA,NA,NA,NA,NA,5586,11,1,1,1
"88",1,1,80,"DE",3193,1825,"2024-05-14 21:06:45","2024-05-14 21:37:10",5,4,2,5,4,3,5,2,5,7,3,4,5,5,4,2,61,1,1,1,2,6,5,5,3,4,1,1,1,4,5,5,5,3,3,4,3,NA,NA,NA,0,0,0,"Horizontale Freiflächen Agri-PV-Anlage auf Weide- oder Ackerland,Bis zu einem Fussballfeld (ca. 1ha),0-500 Meter,Gemeinde,11-20% Reduzierung des Ernteertrags,0-5% Erhöhung der Eigenproduktion,41-80% höheres Einkommen","Horizontale Freiflächen Agri-PV-Anlage auf Weide- oder Ackerland,Bis zu 5 Fussballfelder (ca. 5ha),1500-4500 Meter,Grundstückseigentümer,11-20% Reduzierung des Ernteertrags,0-5% Erhöhung der Eigenproduktion,21-40% höheres Einkommen","","","","","","",NA,NA,NA,NA,NA,NA,NA,NA,NA,NA,NA,NA,131,11,1,1,1
"89",1,1,25,"DE",15915,611,"2024-05-15 09:32:12","2024-05-15 09:42:24",NA,NA,NA,NA,NA,NA,NA,NA,NA,NA,NA,NA,NA,NA,NA,NA,49,2,1,1,2,7,1,1,NA,NA,NA,NA,NA,NA,NA,NA,NA,NA,NA,NA,NA,NA,NA,NA,0,0,0,"","","","","","","","",NA,NA,NA,NA,NA,NA,NA,NA,NA,NA,NA,NA,261,11,1,1,1
"90",1,0,77,"DE",13472,1452,"2024-05-15 09:43:08","2024-05-15 10:07:20",4,4,1,5,7,4,5,3,5,3,1,7,3,7,7,3,62,2,1,1,2,5,3,5,4,6,1,1,3,5,5,6,7,4,1,5,1,NA,NA,NA,0,0,0,"","","","","","","","",NA,NA,NA,NA,NA,NA,NA,NA,NA,NA,NA,NA,261,11,1,1,1
"91",1,1,80,"DE",13257,1950,"2024-05-15 09:50:10","2024-05-15 10:22:40",4,3,5,3,4,4,7,6,5,6,2,3,3,5,3,1,59,2,1,1,2,6,6,6,4,4,1,1,1,5,5,5,4,3,2,2,1,NA,NA,NA,0,0,0,"Agri-PV-Anlage auf Gewächshäusern und Ersatz von Folientunneln,Bis zu einem Fussballfeld (ca. 1ha),0-500 Meter,Regionaler Energieversorger,21-40% Reduzierung des Ernteertrags,6-10% Erhöhung der Eigenproduktion ,11-20% höheres Einkommen","Horizontale Freiflächen Agri-PV-Anlage auf Weide- oder Ackerland,Bis zu 5 Fussballfelder (ca. 5ha),1500-4500 Meter,Gemeinde,21-40% Reduzierung des Ernteertrags,6-10% Erhöhung der Eigenproduktion ,0-5% höheres Einkommen","","","","","","",NA,NA,NA,NA,NA,NA,NA,NA,NA,NA,NA,NA,561,31,7,3,1
"92",1,1,74,"DE",559,3789,"2024-05-15 12:15:31","2024-05-15 13:18:40",NA,NA,NA,NA,NA,NA,5,4,3,6,3,5,4,5,4,2,63,2,1,1,1,6,2,5,4,6,1,1,1,5,4,4,2,1,1,4,1,NA,NA,NA,1,0,0,"","","","","","","","",NA,NA,NA,NA,NA,NA,NA,NA,NA,NA,NA,NA,160,11,1,1,1
"93",1,1,7,"DE",10965,514,"2024-05-15 12:20:36","2024-05-15 12:29:10",NA,NA,NA,NA,NA,NA,NA,NA,NA,NA,NA,NA,NA,NA,NA,NA,64,2,1,1,1,NA,NA,NA,NA,NA,NA,NA,NA,NA,NA,NA,NA,NA,NA,NA,NA,NA,NA,NA,0,0,0,"","","","","","","","",NA,NA,NA,NA,NA,NA,NA,NA,NA,NA,NA,NA,768,13,3,1,1
"94",NA,1,0,"FR",11878,NA,"2024-05-15 13:24:19","2024-05-15 13:24:19",NA,NA,NA,NA,NA,NA,NA,NA,NA,NA,NA,NA,NA,NA,NA,NA,NA,NA,NA,NA,NA,NA,NA,NA,NA,NA,NA,NA,NA,NA,NA,NA,NA,NA,NA,NA,NA,NA,NA,NA,0,0,0,"","","","","","","","",NA,NA,NA,NA,NA,NA,NA,NA,NA,NA,NA,NA,2775,11,1,1,1
"95",1,1,74,"DE",12503,890,"2024-05-15 14:17:10","2024-05-15 14:32:01",NA,NA,NA,NA,NA,NA,5,5,5,5,3,5,5,5,5,3,39,2,1,1,3,6,5,4,3,5,1,1,3,5,5,5,5,4,2,5,5,NA,NA,NA,0,0,0,"","","","","","","","",NA,NA,NA,NA,NA,NA,NA,NA,NA,NA,NA,NA,4026,12,2,1,1
"96",1,1,88,"FR",4318,1684,"2024-05-15 19:30:21","2024-05-15 19:58:26",1,1,1,1,1,1,6,3,4,7,1,5,5,5,3,2,64,1,1,1,3,5,1,4,7,3,1,1,1,1,1,2,2,1,1,1,1,NA,NA,NA,0,0,0,"Surfaces libres horizontales pour installations agri-PV sur des pâturage ou des terres cultivées,Jusqu'à 5 terrains de football (env. 5ha),1500-4500 mètres,Investisseurs externes (non locaux),Réduction de 41-80% du rendement de la récolte,Augmentation de 6-10% de la production propre,Augmentation de 11-20% du revenu des agriculteurs","Installations agri-PV sur des serres et remplacement de tunnels en plastique,Jusqu'à un terrain de football (env. 1ha),500-1500 mètres,Commune,Réduction de 6-10% du rendement de la récolte,Augmentation de 11-20% de la production propre,Augmentation de 41-80% du revenu des agriculteurs","Surfaces libres verticales pour installations agri-PV sur des pâturages ou des terres cultivées ,Jusqu'à 5 terrains de football (env. 5ha),500-1500 mètres,Coopérative énergétique (par ex. citoyens locaux),Réduction de 21-40% du rendement de la récolte,Augmentation de 0-5% de la production propre,Augmentation de 41-80% du revenu des agriculteurs","Installations agri-PV sur des serres et remplacement de tunnels en plastique,Jusqu'à un terrain de football (env. 1ha),0-500 mètres,Coopérative énergétique (par ex. citoyens locaux),Réduction de 21-40% du rendement de la récolte,Augmentation de 41-80% de la production propre,Augmentation de 6-10% du revenu des agriculteurs","Surfaces libres verticales pour installations agri-PV sur des pâturages ou des terres cultivées ,Jusqu'à 5 terrains de football (env. 5ha),1500-4500 mètres,Paysans et paysannes,Réduction de 21-40% du rendement de la récolte,Augmentation de 41-80% de la production propre,Augmentation de 41-80% du revenu des agriculteurs","Surfaces libres horizontales pour installations agri-PV sur des pâturage ou des terres cultivées,Jusqu'à 5 terrains de football (env. 5ha),500-1500 mètres,Paysans et paysannes,Réduction de 11-20% du rendement de la récolte,Augmentation de 41-80% de la production propre,Augmentation de 11-20% du revenu des agriculteurs","Surfaces libres horizontales pour installations agri-PV sur des pâturage ou des terres cultivées,Jusqu'à 10 terrains de football (env. 10ha),1500-4500 mètres,Propriétaire du terrain,Réduction de 6-10% du rendement de la récolte,Augmentation de 41-80% de la production propre,Augmentation de 41-80% du revenu des agriculteurs","Surfaces libres horizontales pour installations agri-PV sur des pâturage ou des terres cultivées,Jusqu'à un terrain de football (env. 1ha),500-1500 mètres,Fournisseur régional d'énergie,Réduction de 41-80% du rendement de la récolte,Augmentation de 0-5% de la production propre,Augmentation de 11-20% du revenu des agriculteurs",2,1,1,2,1,1,2,1,1,2,1,1,6153,13,3,1,1
"97",1,1,80,"FR",490,2005,"2024-05-15 20:57:26","2024-05-15 21:30:52",2,2,2,2,2,2,7,7,7,7,1,5,1,4,1,1,35,2,1,1,2,7,1,7,1,3,3,3,1,3,3,3,2,2,2,2,1,NA,NA,NA,1,0,0,"","","","","","","","",NA,NA,NA,NA,NA,NA,NA,NA,NA,NA,NA,NA,6265,12,2,1,1
"98",1,1,80,"DE",3387,2167,"2024-05-16 14:06:18","2024-05-16 14:42:25",3,3,3,5,4,3,5,7,6,6,3,6,3,3,3,5,53,1,1,1,2,5,5,2,4,6,1,1,1,4,3,3,3,3,3,2,3,NA,NA,NA,0,0,0,"Vertikale Freiflächen Agri-PV-Anlage auf Weide- oder Ackerland,Bis zu 10 Fussballfelder (ca. 10ha),0-500 Meter,Regionaler Energieversorger,6-10% Reduzierung des Ernteertrags,0-5% Erhöhung der Eigenproduktion,6-10% höheres Einkommen","Vertikale Freiflächen Agri-PV-Anlage auf Weide- oder Ackerland,Bis zu einem Fussballfeld (ca. 1ha),1500-4500 Meter,Gemeinde,41-80% Reduzierung des Ernteertrags,21-40% Erhöhung der Eigenproduktion,11-20% höheres Einkommen","","","","","","",NA,NA,NA,NA,NA,NA,NA,NA,NA,NA,NA,NA,3787,13,3,1,1
"99",1,1,80,"EN",1362,1662,"2024-05-16 14:15:49","2024-05-16 14:43:31",4,3,4,4,5,4,4,5,4,4,4,4,4,4,4,2,54,1,1,1,5,4,1,1,1,5,1,1,3,4,4,4,4,4,4,4,4,NA,NA,NA,0,0,0,"Horizontal open space Agri-PV systems on pasture or arable land,Up to 10 football pitches (approx. 10ha),500-1500 meters,Energy cooperative (e.g. local population),41-80% reduction in crop yield,0-5% increase in own production,21-40% higher income","Agri-PV systems on greenhouses and replacement of polytunnels,Up to 10 football pitches (approx. 10ha),500-1500 meters,Energy cooperative (e.g. local population),0-5% reduction in crop yield,6-10% increase in own production ,41-80% higher income","","","","","","",NA,NA,NA,NA,NA,NA,NA,NA,NA,NA,NA,NA,6613,11,1,1,1
"100",1,1,89,"DE",3960,2466,"2024-05-17 09:12:28","2024-05-17 09:53:34",6,5,4,6,5,5,5,7,2,6,5,6,1,6,6,3,62,1,1,1,2,7,1,5,6,5,3,3,3,5,5,5,5,4,4,5,5,NA,NA,NA,1,0,0,"Vertikale Freiflächen Agri-PV-Anlage auf Weide- oder Ackerland,Bis zu 5 Fussballfelder (ca. 5ha),500-1500 Meter,Bäuerinnen und Bauern,21-40% Reduzierung des Ernteertrags,0-5% Erhöhung der Eigenproduktion,21-40% höheres Einkommen","Vertikale Freiflächen Agri-PV-Anlage auf Weide- oder Ackerland,Bis zu 10 Fussballfelder (ca. 10ha),500-1500 Meter,Grundstückseigentümer,0-5% Reduzierung des Ernteertrags,0-5% Erhöhung der Eigenproduktion,21-40% höheres Einkommen","Horizontale Freiflächen Agri-PV-Anlage auf Weide- oder Ackerland,Bis zu einem Fussballfeld (ca. 1ha),500-1500 Meter,Gemeinde,21-40% Reduzierung des Ernteertrags,6-10% Erhöhung der Eigenproduktion ,41-80% höheres Einkommen","Agri-PV-Anlage auf Gewächshäusern und Ersatz von Folientunneln,Bis zu 5 Fussballfelder (ca. 5ha),0-500 Meter,Energiegenossenschaft (z.B. lokale Bevölkerung),41-80% Reduzierung des Ernteertrags,11-20% Erhöhung der Eigenproduktion,41-80% höheres Einkommen","Horizontale Freiflächen Agri-PV-Anlage auf Weide- oder Ackerland,Bis zu einem Fussballfeld (ca. 1ha),1500-4500 Meter,Energiegenossenschaft (z.B. lokale Bevölkerung),11-20% Reduzierung des Ernteertrags,41-80% Erhöhung der Eigenproduktion,0-5% höheres Einkommen","Vertikale Freiflächen Agri-PV-Anlage auf Weide- oder Ackerland,Bis zu 5 Fussballfelder (ca. 5ha),0-500 Meter,Grundstückseigentümer,11-20% Reduzierung des Ernteertrags,0-5% Erhöhung der Eigenproduktion,11-20% höheres Einkommen","Horizontale Freiflächen Agri-PV-Anlage auf Weide- oder Ackerland,Bis zu einem Fussballfeld (ca. 1ha),0-500 Meter,Bäuerinnen und Bauern,41-80% Reduzierung des Ernteertrags,11-20% Erhöhung der Eigenproduktion,6-10% höheres Einkommen","Vertikale Freiflächen Agri-PV-Anlage auf Weide- oder Ackerland,Bis zu 5 Fussballfelder (ca. 5ha),1500-4500 Meter,Externe (nicht lokale) Investoren,0-5% Reduzierung des Ernteertrags,41-80% Erhöhung der Eigenproduktion,6-10% höheres Einkommen",1,4,4,1,4,4,1,4,4,1,4,4,1707,12,2,1,1
"101",1,0,89,"DE",9994,5289,"2024-05-17 09:19:55","2024-05-17 10:48:05",4,4,4,4,4,4,7,7,4,7,4,4,1,4,4,4,73,1,1,1,1,2,2,1,1,4,1,1,1,4,4,4,4,4,4,4,4,NA,NA,NA,0,0,0,"Horizontale Freiflächen Agri-PV-Anlage auf Weide- oder Ackerland,Bis zu einem Fussballfeld (ca. 1ha),0-500 Meter,Energiegenossenschaft (z.B. lokale Bevölkerung),6-10% Reduzierung des Ernteertrags,6-10% Erhöhung der Eigenproduktion ,6-10% höheres Einkommen","Vertikale Freiflächen Agri-PV-Anlage auf Weide- oder Ackerland,Bis zu 5 Fussballfelder (ca. 5ha),0-500 Meter,Regionaler Energieversorger,11-20% Reduzierung des Ernteertrags,21-40% Erhöhung der Eigenproduktion,41-80% höheres Einkommen","Horizontale Freiflächen Agri-PV-Anlage auf Weide- oder Ackerland,Bis zu 10 Fussballfelder (ca. 10ha),0-500 Meter,Bäuerinnen und Bauern,6-10% Reduzierung des Ernteertrags,0-5% Erhöhung der Eigenproduktion,21-40% höheres Einkommen","Agri-PV-Anlage auf Gewächshäusern und Ersatz von Folientunneln,Bis zu 10 Fussballfelder (ca. 10ha),0-500 Meter,Gemeinde,0-5% Reduzierung des Ernteertrags,6-10% Erhöhung der Eigenproduktion ,11-20% höheres Einkommen","Vertikale Freiflächen Agri-PV-Anlage auf Weide- oder Ackerland,Bis zu einem Fussballfeld (ca. 1ha),500-1500 Meter,Gemeinde,41-80% Reduzierung des Ernteertrags,41-80% Erhöhung der Eigenproduktion,41-80% höheres Einkommen","Agri-PV-Anlage auf Gewächshäusern und Ersatz von Folientunneln,Bis zu 10 Fussballfelder (ca. 10ha),500-1500 Meter,Externe (nicht lokale) Investoren,11-20% Reduzierung des Ernteertrags,0-5% Erhöhung der Eigenproduktion,21-40% höheres Einkommen","Horizontale Freiflächen Agri-PV-Anlage auf Weide- oder Ackerland,Bis zu einem Fussballfeld (ca. 1ha),1500-4500 Meter,Externe (nicht lokale) Investoren,41-80% Reduzierung des Ernteertrags,41-80% Erhöhung der Eigenproduktion,0-5% höheres Einkommen","Agri-PV-Anlage auf Gewächshäusern und Ersatz von Folientunneln,Bis zu 10 Fussballfelder (ca. 10ha),500-1500 Meter,Externe (nicht lokale) Investoren,6-10% Reduzierung des Ernteertrags,6-10% Erhöhung der Eigenproduktion ,41-80% höheres Einkommen",1,4,4,1,4,4,1,4,4,1,4,4,155,11,1,1,1
"102",1,1,82,"DE",3672,1708,"2024-05-17 12:53:05","2024-05-17 13:21:33",5,5,2,3,6,6,7,6,7,7,3,6,3,6,3,1,59,2,1,1,3,5,3,3,2,5,1,1,1,5,5,5,5,5,3,5,5,NA,NA,NA,0,0,0,"Vertikale Freiflächen Agri-PV-Anlage auf Weide- oder Ackerland,Bis zu 5 Fussballfelder (ca. 5ha),0-500 Meter,Bäuerinnen und Bauern,11-20% Reduzierung des Ernteertrags,6-10% Erhöhung der Eigenproduktion ,0-5% höheres Einkommen","Vertikale Freiflächen Agri-PV-Anlage auf Weide- oder Ackerland,Bis zu einem Fussballfeld (ca. 1ha),500-1500 Meter,Externe (nicht lokale) Investoren,21-40% Reduzierung des Ernteertrags,21-40% Erhöhung der Eigenproduktion,41-80% höheres Einkommen","","","","","","",2,4,4,NA,NA,NA,NA,NA,NA,NA,NA,NA,4001,12,2,1,1
"103",1,1,74,"DE",1720,8621,"2024-05-17 14:31:54","2024-05-17 16:55:35",NA,NA,NA,NA,NA,NA,6,6,NA,NA,NA,NA,NA,NA,NA,NA,42,2,1,2,1,5,5,6,3,4,1,1,1,5,5,5,6,6,2,5,6,NA,NA,NA,0,0,0,"","","","","","","","",NA,NA,NA,NA,NA,NA,NA,NA,NA,NA,NA,NA,1341,13,3,1,1
"104",1,1,34,"FR",2124,1299,"2024-05-17 15:27:15","2024-05-17 15:48:55",NA,NA,NA,NA,NA,NA,NA,NA,NA,NA,NA,NA,NA,NA,NA,NA,67,1,1,1,2,7,1,7,NA,NA,NA,NA,NA,NA,NA,NA,NA,NA,NA,NA,NA,NA,NA,NA,0,0,0,"","","","","","","","",NA,NA,NA,NA,NA,NA,NA,NA,NA,NA,NA,NA,6621,11,1,1,1
"105",1,0,80,"DE",7844,663922,"2024-05-17 16:42:51","2024-05-25 09:08:13",7,5,6,7,7,6,6,2,6,7,7,7,7,6,3,2,55,2,1,1,2,7,7,7,4,7,1,1,1,6,6,7,7,7,7,7,7,NA,NA,NA,1,0,0,"Horizontale Freiflächen Agri-PV-Anlage auf Weide- oder Ackerland,Bis zu einem Fussballfeld (ca. 1ha),1500-4500 Meter,Regionaler Energieversorger,21-40% Reduzierung des Ernteertrags,11-20% Erhöhung der Eigenproduktion,41-80% höheres Einkommen","Vertikale Freiflächen Agri-PV-Anlage auf Weide- oder Ackerland,Bis zu 5 Fussballfelder (ca. 5ha),0-500 Meter,Regionaler Energieversorger,6-10% Reduzierung des Ernteertrags,0-5% Erhöhung der Eigenproduktion,6-10% höheres Einkommen","","","","","","",NA,NA,NA,NA,NA,NA,NA,NA,NA,NA,NA,NA,562,32,8,3,1
"106",NA,0,0,"DE",15352,NA,"2024-05-17 17:25:09","2024-05-17 17:25:09",NA,NA,NA,NA,NA,NA,NA,NA,NA,NA,NA,NA,NA,NA,NA,NA,NA,NA,NA,NA,NA,NA,NA,NA,NA,NA,NA,NA,NA,NA,NA,NA,NA,NA,NA,NA,NA,NA,NA,NA,0,0,0,"","","","","","","","",NA,NA,NA,NA,NA,NA,NA,NA,NA,NA,NA,NA,154,11,1,1,1
"107",1,0,23,"DE",13721,406,"2024-05-17 18:46:03","2024-05-17 18:52:50",NA,NA,NA,NA,NA,NA,NA,NA,NA,NA,NA,NA,NA,NA,NA,NA,26,1,1,1,4,4,4,3,NA,NA,NA,NA,NA,NA,NA,NA,NA,NA,NA,NA,NA,NA,NA,NA,0,0,0,"","","","","","","","",NA,NA,NA,NA,NA,NA,NA,NA,NA,NA,NA,NA,1362,13,3,1,1
"108",1,1,7,"DE",14910,49,"2024-05-17 18:52:21","2024-05-17 18:53:11",NA,NA,NA,NA,NA,NA,NA,NA,NA,NA,NA,NA,NA,NA,NA,NA,20,1,1,1,4,NA,NA,NA,NA,NA,NA,NA,NA,NA,NA,NA,NA,NA,NA,NA,NA,NA,NA,NA,0,0,0,"","","","","","","","",NA,NA,NA,NA,NA,NA,NA,NA,NA,NA,NA,NA,2774,22,5,2,1
"109",1,1,80,"DE",15348,3795,"2024-05-17 19:55:48","2024-05-17 20:59:04",5,5,4,5,6,5,6,1,5,6,6,4,5,4,4,2,33,2,1,1,2,7,2,6,4,6,1,1,3,2,6,4,4,4,4,5,5,NA,NA,NA,1,0,0,"","","","","","","","",NA,NA,NA,NA,NA,NA,NA,NA,NA,NA,NA,NA,2138,33,9,3,1
"110",1,0,9,"EN",4280,312,"2024-05-17 20:15:12","2024-05-17 20:20:24",NA,NA,NA,NA,NA,NA,NA,NA,NA,NA,NA,NA,NA,NA,NA,NA,39,2,1,2,2,NA,NA,NA,NA,NA,NA,NA,NA,NA,NA,NA,NA,NA,NA,NA,NA,NA,NA,NA,0,0,0,"","","","","","","","",NA,NA,NA,NA,NA,NA,NA,NA,NA,NA,NA,NA,66,11,1,1,1
"111",1,1,80,"DE",8111,252736,"2024-05-17 20:52:16","2024-05-20 19:04:33",4,6,4,4,4,4,5,1,2,7,6,5,6,6,1,1,39,2,1,1,3,6,1,5,1,6,1,1,1,5,5,5,4,4,4,5,5,NA,NA,NA,0,0,0,"Agri-PV-Anlage auf Gewächshäusern und Ersatz von Folientunneln,Bis zu 5 Fussballfelder (ca. 5ha),500-1500 Meter,Gemeinde,6-10% Reduzierung des Ernteertrags,6-10% Erhöhung der Eigenproduktion ,21-40% höheres Einkommen","Horizontale Freiflächen Agri-PV-Anlage auf Weide- oder Ackerland,Bis zu 5 Fussballfelder (ca. 5ha),500-1500 Meter,Regionaler Energieversorger,21-40% Reduzierung des Ernteertrags,41-80% Erhöhung der Eigenproduktion,0-5% höheres Einkommen","","","","","","",NA,NA,NA,NA,NA,NA,NA,NA,NA,NA,NA,NA,6298,23,6,2,1
"112",1,1,14,"DE",5948,579,"2024-05-17 22:03:24","2024-05-17 22:13:04",NA,NA,NA,NA,NA,NA,NA,NA,NA,NA,NA,NA,NA,NA,NA,NA,35,1,1,2,3,5,6,5,NA,NA,NA,NA,NA,NA,NA,NA,NA,NA,NA,NA,NA,NA,NA,NA,0,0,0,"","","","","","","","",NA,NA,NA,NA,NA,NA,NA,NA,NA,NA,NA,NA,191,11,1,1,1
"113",NA,0,0,"EN",13064,1147,"2024-05-17 22:44:58","2024-05-17 23:04:06",NA,NA,NA,NA,NA,NA,NA,NA,NA,NA,NA,NA,NA,NA,NA,NA,NA,NA,NA,NA,NA,NA,NA,NA,NA,NA,NA,NA,NA,NA,NA,NA,NA,NA,NA,NA,NA,NA,NA,NA,1,0,0,"","","","","","","","",NA,NA,NA,NA,NA,NA,NA,NA,NA,NA,NA,NA,450,23,6,2,1
"114",1,0,84,"DE",10951,46569,"2024-05-18 08:15:31","2024-05-18 21:11:41",5,7,7,7,7,6,5,5,2,7,6,6,6,7,6,3,54,2,1,1,2,4,1,7,2,4,1,3,3,7,7,7,7,5,3,7,6,NA,NA,NA,0,0,0,"Agri-PV-Anlage auf Gewächshäusern und Ersatz von Folientunneln,Bis zu 5 Fussballfelder (ca. 5ha),1500-4500 Meter,Externe (nicht lokale) Investoren,6-10% Reduzierung des Ernteertrags,41-80% Erhöhung der Eigenproduktion,21-40% höheres Einkommen","Horizontale Freiflächen Agri-PV-Anlage auf Weide- oder Ackerland,Bis zu 5 Fussballfelder (ca. 5ha),500-1500 Meter,Gemeinde,6-10% Reduzierung des Ernteertrags,6-10% Erhöhung der Eigenproduktion ,21-40% höheres Einkommen","Horizontale Freiflächen Agri-PV-Anlage auf Weide- oder Ackerland,Bis zu einem Fussballfeld (ca. 1ha),0-500 Meter,Gemeinde,21-40% Reduzierung des Ernteertrags,0-5% Erhöhung der Eigenproduktion,6-10% höheres Einkommen","Vertikale Freiflächen Agri-PV-Anlage auf Weide- oder Ackerland,Bis zu 5 Fussballfelder (ca. 5ha),1500-4500 Meter,Regionaler Energieversorger,21-40% Reduzierung des Ernteertrags,41-80% Erhöhung der Eigenproduktion,21-40% höheres Einkommen","","","","",1,5,5,2,5,5,NA,NA,NA,NA,NA,NA,2763,11,1,1,1
"115",1,1,90,"EN",14827,1637,"2024-05-18 10:16:01","2024-05-18 10:43:18",6,5,6,5,6,7,7,1,7,7,7,7,7,7,4,4,39,1,1,2,3,6,1,7,4,7,1,1,1,7,7,7,7,7,7,7,5,NA,NA,NA,0,0,0,"Vertical open space Agri-PV systems on pasture or arable land,Up to 10 football pitches (approx. 10ha),0-500 meters,Regional energy supplier,21-40% reduction in crop yield,0-5% increase in own production,11-20% higher income","Agri-PV systems on greenhouses and replacement of polytunnels,Up to one football pitch (approx. 1ha),0-500 meters,Energy cooperative (e.g. local population),6-10% reduction in crop yield,41-80% increase in own production,6-10% higher income","Vertical open space Agri-PV systems on pasture or arable land,Up to 5 football pitches (approx. 5ha),0-500 meters,Municipality,11-20% reduction in crop yield,11-20% increase in own production,0-5% higher income","Vertical open space Agri-PV systems on pasture or arable land,Up to 5 football pitches (approx. 5ha),0-500 meters,Regional energy supplier,21-40% reduction in crop yield,21-40% increase in own production,21-40% higher income","Vertical open space Agri-PV systems on pasture or arable land,Up to one football pitch (approx. 1ha),500-1500 meters,Energy cooperative (e.g. local population),6-10% reduction in crop yield,21-40% increase in own production,11-20% higher income","Vertical open space Agri-PV systems on pasture or arable land,Up to one football pitch (approx. 1ha),0-500 meters,External (non-local) investors,0-5% reduction in crop yield,41-80% increase in own production,41-80% higher income","Agri-PV systems on greenhouses and replacement of polytunnels,Up to 10 football pitches (approx. 10ha),1500-4500 meters,External (non-local) investors,6-10% reduction in crop yield,21-40% increase in own production,11-20% higher income","Horizontal open space Agri-PV systems on pasture or arable land,Up to 5 football pitches (approx. 5ha),0-500 meters,Energy cooperative (e.g. local population),0-5% reduction in crop yield,6-10% increase in own production ,0-5% higher income",2,2,7,2,2,7,2,4,7,2,7,7,6621,11,1,1,1
"116",1,1,78,"DE",13085,8308,"2024-05-18 10:27:19","2024-05-18 12:45:47",1,1,1,1,3,2,7,6,6,5,1,6,1,1,2,3,68,2,1,1,2,7,1,5,6,2,1,1,1,2,2,2,2,1,1,2,1,NA,NA,NA,0,0,0,"","","","","","","","",NA,NA,NA,NA,NA,NA,NA,NA,NA,NA,NA,NA,230,12,2,1,1
"117",1,1,84,"DE",570,3327,"2024-05-18 10:47:46","2024-05-18 11:43:13",4,4,4,4,4,4,7,2,7,7,7,6,7,6,4,1,1961,1,1,2,5,3,3,2,1,7,1,1,3,5,6,5,4,4,4,5,4,NA,NA,NA,0,0,0,"Vertikale Freiflächen Agri-PV-Anlage auf Weide- oder Ackerland,Bis zu 10 Fussballfelder (ca. 10ha),0-500 Meter,Bäuerinnen und Bauern,11-20% Reduzierung des Ernteertrags,0-5% Erhöhung der Eigenproduktion,41-80% höheres Einkommen","Vertikale Freiflächen Agri-PV-Anlage auf Weide- oder Ackerland,Bis zu 5 Fussballfelder (ca. 5ha),500-1500 Meter,Bäuerinnen und Bauern,6-10% Reduzierung des Ernteertrags,6-10% Erhöhung der Eigenproduktion ,11-20% höheres Einkommen","Agri-PV-Anlage auf Gewächshäusern und Ersatz von Folientunneln,Bis zu 10 Fussballfelder (ca. 10ha),1500-4500 Meter,Regionaler Energieversorger,41-80% Reduzierung des Ernteertrags,0-5% Erhöhung der Eigenproduktion,6-10% höheres Einkommen","Horizontale Freiflächen Agri-PV-Anlage auf Weide- oder Ackerland,Bis zu 5 Fussballfelder (ca. 5ha),1500-4500 Meter,Energiegenossenschaft (z.B. lokale Bevölkerung),21-40% Reduzierung des Ernteertrags,21-40% Erhöhung der Eigenproduktion,11-20% höheres Einkommen","Vertikale Freiflächen Agri-PV-Anlage auf Weide- oder Ackerland,Bis zu einem Fussballfeld (ca. 1ha),0-500 Meter,Externe (nicht lokale) Investoren,6-10% Reduzierung des Ernteertrags,11-20% Erhöhung der Eigenproduktion,11-20% höheres Einkommen","Horizontale Freiflächen Agri-PV-Anlage auf Weide- oder Ackerland,Bis zu einem Fussballfeld (ca. 1ha),1500-4500 Meter,Energiegenossenschaft (z.B. lokale Bevölkerung),6-10% Reduzierung des Ernteertrags,11-20% Erhöhung der Eigenproduktion,0-5% höheres Einkommen","","",1,1,2,1,1,1,NA,NA,NA,NA,NA,NA,2701,11,1,1,1
"118",1,1,88,"DE",4483,6198,"2024-05-18 11:47:11","2024-05-18 13:30:29",4,3,5,3,2,2,7,7,6,1,1,1,1,3,3,1,70,2,1,1,3,5,6,3,7,4,1,1,1,2,2,3,2,1,1,3,1,NA,NA,NA,0,0,0,"Horizontale Freiflächen Agri-PV-Anlage auf Weide- oder Ackerland,Bis zu einem Fussballfeld (ca. 1ha),1500-4500 Meter,Bäuerinnen und Bauern,41-80% Reduzierung des Ernteertrags,6-10% Erhöhung der Eigenproduktion ,21-40% höheres Einkommen","Vertikale Freiflächen Agri-PV-Anlage auf Weide- oder Ackerland,Bis zu einem Fussballfeld (ca. 1ha),0-500 Meter,Bäuerinnen und Bauern,41-80% Reduzierung des Ernteertrags,41-80% Erhöhung der Eigenproduktion,11-20% höheres Einkommen","Vertikale Freiflächen Agri-PV-Anlage auf Weide- oder Ackerland,Bis zu einem Fussballfeld (ca. 1ha),1500-4500 Meter,Energiegenossenschaft (z.B. lokale Bevölkerung),11-20% Reduzierung des Ernteertrags,41-80% Erhöhung der Eigenproduktion,41-80% höheres Einkommen","Vertikale Freiflächen Agri-PV-Anlage auf Weide- oder Ackerland,Bis zu einem Fussballfeld (ca. 1ha),1500-4500 Meter,Grundstückseigentümer,6-10% Reduzierung des Ernteertrags,6-10% Erhöhung der Eigenproduktion ,21-40% höheres Einkommen","Vertikale Freiflächen Agri-PV-Anlage auf Weide- oder Ackerland,Bis zu 10 Fussballfelder (ca. 10ha),0-500 Meter,Regionaler Energieversorger,41-80% Reduzierung des Ernteertrags,41-80% Erhöhung der Eigenproduktion,41-80% höheres Einkommen","Vertikale Freiflächen Agri-PV-Anlage auf Weide- oder Ackerland,Bis zu 10 Fussballfelder (ca. 10ha),1500-4500 Meter,Regionaler Energieversorger,21-40% Reduzierung des Ernteertrags,41-80% Erhöhung der Eigenproduktion,0-5% höheres Einkommen","Horizontale Freiflächen Agri-PV-Anlage auf Weide- oder Ackerland,Bis zu einem Fussballfeld (ca. 1ha),1500-4500 Meter,Externe (nicht lokale) Investoren,11-20% Reduzierung des Ernteertrags,21-40% Erhöhung der Eigenproduktion,11-20% höheres Einkommen","Agri-PV-Anlage auf Gewächshäusern und Ersatz von Folientunneln,Bis zu 10 Fussballfelder (ca. 10ha),1500-4500 Meter,Energiegenossenschaft (z.B. lokale Bevölkerung),21-40% Reduzierung des Ernteertrags,11-20% Erhöhung der Eigenproduktion,0-5% höheres Einkommen",1,1,1,1,2,2,1,2,2,1,2,2,141,11,1,1,1
"119",NA,0,0,"DE",14337,NA,"2024-05-18 12:28:13","2024-05-18 12:28:13",NA,NA,NA,NA,NA,NA,NA,NA,NA,NA,NA,NA,NA,NA,NA,NA,NA,NA,NA,NA,NA,NA,NA,NA,NA,NA,NA,NA,NA,NA,NA,NA,NA,NA,NA,NA,NA,NA,NA,NA,0,0,0,"","","","","","","","",NA,NA,NA,NA,NA,NA,NA,NA,NA,NA,NA,NA,191,11,1,1,1
"120",1,1,56,"DE",7020,740,"2024-05-18 12:38:02","2024-05-18 12:50:23",NA,NA,NA,NA,NA,NA,6,3,7,7,3,5,5,7,7,1,43,1,1,1,3,6,1,7,4,7,NA,NA,NA,NA,NA,NA,NA,NA,NA,NA,NA,NA,NA,NA,0,0,0,"","","","","","","","",NA,NA,NA,NA,NA,NA,NA,NA,NA,NA,NA,NA,942,12,2,1,1
"121",1,0,74,"DE",3333,921,"2024-05-18 15:44:51","2024-05-18 16:00:13",NA,NA,NA,NA,NA,NA,5,5,4,3,2,4,3,3,3,4,19,2,1,1,5,3,3,3,4,5,1,1,3,5,5,3,5,3,2,3,3,NA,NA,NA,1,0,0,"","","","","","","","",NA,NA,NA,NA,NA,NA,NA,NA,NA,NA,NA,NA,3214,22,5,2,1
"122",1,1,74,"DE",9762,1538,"2024-05-18 18:20:13","2024-05-18 18:45:52",NA,NA,NA,NA,NA,NA,2,2,2,7,7,2,1,2,2,NA,50,2,1,1,2,6,5,3,3,2,1,1,1,2,2,3,4,4,4,1,4,NA,NA,NA,1,0,0,"","","","","","","","",NA,NA,NA,NA,NA,NA,NA,NA,NA,NA,NA,NA,3203,12,2,1,1
"123",1,0,82,"FR",10340,5246,"2024-05-18 18:49:52","2024-05-18 20:17:19",3,5,2,7,7,3,7,7,7,7,1,7,5,5,2,1,1969,2,1,2,2,7,4,3,4,6,1,1,3,7,7,7,6,5,3,5,7,NA,NA,NA,0,0,0,"Surfaces libres horizontales pour installations agri-PV sur des pâturage ou des terres cultivées,Jusqu'à 10 terrains de football (env. 10ha),500-1500 mètres,Coopérative énergétique (par ex. citoyens locaux),Réduction de 21-40% du rendement de la récolte,Augmentation de 0-5% de la production propre,Augmentation de 41-80% du revenu des agriculteurs","Surfaces libres horizontales pour installations agri-PV sur des pâturage ou des terres cultivées,Jusqu'à 10 terrains de football (env. 10ha),0-500 mètres,Investisseurs externes (non locaux),Réduction de 11-20% du rendement de la récolte,Augmentation de 21-40% de la production propre,Augmentation de 41-80% du revenu des agriculteurs","","","","","","",1,5,3,NA,NA,NA,NA,NA,NA,NA,NA,NA,5606,11,1,1,1
"124",1,0,12,"DE",5039,523,"2024-05-18 19:50:29","2024-05-18 19:59:12",NA,NA,NA,NA,NA,NA,NA,NA,NA,NA,NA,NA,NA,NA,NA,NA,65,2,1,1,2,5,2,6,NA,NA,NA,NA,NA,NA,NA,NA,NA,NA,NA,NA,NA,NA,NA,NA,1,0,0,"","","","","","","","",NA,NA,NA,NA,NA,NA,NA,NA,NA,NA,NA,NA,6007,13,3,1,1
"125",1,0,14,"DE",296,282,"2024-05-18 21:01:00","2024-05-18 21:05:42",NA,NA,NA,NA,NA,NA,NA,NA,NA,NA,NA,NA,NA,NA,NA,NA,20,1,1,1,4,6,3,4,NA,NA,NA,NA,NA,NA,NA,NA,NA,NA,NA,NA,NA,NA,NA,NA,0,0,0,"","","","","","","","",NA,NA,NA,NA,NA,NA,NA,NA,NA,NA,NA,NA,261,11,1,1,1
"126",1,1,78,"FR",9889,33358,"2024-05-18 23:43:06","2024-05-19 08:59:04",6,6,6,6,6,5,7,2,2,4,3,5,6,6,6,3,22,2,1,1,4,4,2,5,2,5,1,1,1,6,7,6,7,7,4,6,6,NA,NA,NA,0,0,0,"","","","","","","","",NA,NA,NA,NA,NA,NA,NA,NA,NA,NA,NA,NA,5890,12,2,1,1
"127",1,0,80,"DE",13782,997,"2024-05-19 09:28:52","2024-05-19 09:45:29",3,5,3,5,7,4,5,1,NA,NA,NA,NA,NA,NA,NA,NA,41,2,1,1,4,5,1,5,2,4,1,1,1,4,4,4,4,4,4,6,4,NA,NA,NA,0,0,0,"Horizontale Freiflächen Agri-PV-Anlage auf Weide- oder Ackerland,Bis zu 5 Fussballfelder (ca. 5ha),500-1500 Meter,Regionaler Energieversorger,0-5% Reduzierung des Ernteertrags,6-10% Erhöhung der Eigenproduktion ,21-40% höheres Einkommen","Agri-PV-Anlage auf Gewächshäusern und Ersatz von Folientunneln,Bis zu 5 Fussballfelder (ca. 5ha),500-1500 Meter,Energiegenossenschaft (z.B. lokale Bevölkerung),41-80% Reduzierung des Ernteertrags,6-10% Erhöhung der Eigenproduktion ,6-10% höheres Einkommen","","","","","","",NA,NA,NA,NA,NA,NA,NA,NA,NA,NA,NA,NA,261,11,1,1,1
"128",1,0,84,"DE",15858,1245444,"2024-05-19 11:00:21","2024-06-02 20:57:45",2,6,3,6,6,5,7,6,5,7,5,6,6,5,5,3,50,2,1,1,3,5,6,6,3,4,1,1,1,4,5,5,6,7,5,5,5,NA,NA,NA,0,0,0,"Agri-PV-Anlage auf Gewächshäusern und Ersatz von Folientunneln,Bis zu 5 Fussballfelder (ca. 5ha),0-500 Meter,Externe (nicht lokale) Investoren,41-80% Reduzierung des Ernteertrags,21-40% Erhöhung der Eigenproduktion,11-20% höheres Einkommen","Agri-PV-Anlage auf Gewächshäusern und Ersatz von Folientunneln,Bis zu 10 Fussballfelder (ca. 10ha),1500-4500 Meter,Grundstückseigentümer,0-5% Reduzierung des Ernteertrags,11-20% Erhöhung der Eigenproduktion,6-10% höheres Einkommen","Vertikale Freiflächen Agri-PV-Anlage auf Weide- oder Ackerland,Bis zu 10 Fussballfelder (ca. 10ha),1500-4500 Meter,Grundstückseigentümer,41-80% Reduzierung des Ernteertrags,6-10% Erhöhung der Eigenproduktion ,0-5% höheres Einkommen","Agri-PV-Anlage auf Gewächshäusern und Ersatz von Folientunneln,Bis zu einem Fussballfeld (ca. 1ha),500-1500 Meter,Regionaler Energieversorger,41-80% Reduzierung des Ernteertrags,6-10% Erhöhung der Eigenproduktion ,11-20% höheres Einkommen","Agri-PV-Anlage auf Gewächshäusern und Ersatz von Folientunneln,Bis zu 5 Fussballfelder (ca. 5ha),500-1500 Meter,Grundstückseigentümer,0-5% Reduzierung des Ernteertrags,11-20% Erhöhung der Eigenproduktion,11-20% höheres Einkommen","Vertikale Freiflächen Agri-PV-Anlage auf Weide- oder Ackerland,Bis zu einem Fussballfeld (ca. 1ha),0-500 Meter,Bäuerinnen und Bauern,41-80% Reduzierung des Ernteertrags,0-5% Erhöhung der Eigenproduktion,21-40% höheres Einkommen","","",2,3,5,2,3,5,NA,NA,NA,NA,NA,NA,230,12,2,1,1
"129",1,1,25,"DE",10617,2284,"2024-05-19 15:48:12","2024-05-19 16:26:16",NA,NA,NA,NA,NA,NA,NA,NA,NA,NA,NA,NA,NA,NA,NA,NA,63,2,1,1,1,6,1,6,NA,NA,NA,NA,NA,NA,NA,NA,NA,NA,NA,NA,NA,NA,NA,NA,0,0,0,"","","","","","","","",NA,NA,NA,NA,NA,NA,NA,NA,NA,NA,NA,NA,4012,12,2,1,1
"130",1,0,61,"DE",15325,1012,"2024-05-19 16:33:32","2024-05-19 16:50:24",NA,NA,NA,NA,NA,NA,3,4,2,6,5,6,5,7,4,2,52,2,1,1,1,3,1,6,4,6,1,1,3,6,NA,NA,NA,NA,NA,NA,NA,NA,NA,NA,0,0,0,"","","","","","","","",NA,NA,NA,NA,NA,NA,NA,NA,NA,NA,NA,NA,261,11,1,1,1
"131",1,0,1,"FR",6606,61,"2024-05-19 16:39:22","2024-05-19 16:40:23",NA,NA,NA,NA,NA,NA,NA,NA,NA,NA,NA,NA,NA,NA,NA,NA,NA,NA,NA,NA,NA,NA,NA,NA,NA,NA,NA,NA,NA,NA,NA,NA,NA,NA,NA,NA,NA,NA,NA,NA,0,0,0,"","","","","","","","",NA,NA,NA,NA,NA,NA,NA,NA,NA,NA,NA,NA,6436,12,2,1,1
"132",1,1,25,"FR",13577,14631,"2024-05-19 17:49:09","2024-05-19 21:53:00",NA,NA,NA,NA,NA,NA,NA,NA,NA,NA,NA,NA,NA,NA,NA,NA,1965,2,1,1,4,3,3,5,NA,NA,NA,NA,NA,NA,NA,NA,NA,NA,NA,NA,NA,NA,NA,NA,0,0,0,"","","","","","","","",NA,NA,NA,NA,NA,NA,NA,NA,NA,NA,NA,NA,6625,22,5,2,1
"133",1,1,75,"DE",12124,4218,"2024-05-19 18:43:51","2024-05-19 19:54:09",3,1,1,1,2,6,4,5,5,7,6,6,6,5,5,3,68,2,1,1,2,7,6,4,3,4,1,1,1,4,3,4,4,4,4,4,1,NA,NA,NA,0,0,0,"","","","","","","","",NA,NA,NA,NA,NA,NA,NA,NA,NA,NA,NA,NA,2701,11,1,1,1
"134",1,1,56,"DE",2478,2017,"2024-05-20 00:42:48","2024-05-20 01:16:26",NA,NA,NA,NA,NA,NA,5,2,3,7,7,2,7,4,4,3,1990,2,1,2,2,4,1,7,4,7,NA,NA,NA,NA,NA,NA,NA,NA,NA,NA,NA,NA,NA,NA,0,0,0,"","","","","","","","",NA,NA,NA,NA,NA,NA,NA,NA,NA,NA,NA,NA,1024,12,2,1,1
"135",1,1,25,"DE",10484,497,"2024-05-20 09:21:34","2024-05-20 09:29:51",NA,NA,NA,NA,NA,NA,NA,NA,NA,NA,NA,NA,NA,NA,NA,NA,61,2,1,2,2,6,3,5,NA,NA,NA,NA,NA,NA,NA,NA,NA,NA,NA,NA,NA,NA,NA,NA,0,0,0,"","","","","","","","",NA,NA,NA,NA,NA,NA,NA,NA,NA,NA,NA,NA,587,13,3,1,1
"136",1,0,80,"DE",16330,2213,"2024-05-20 09:48:59","2024-05-20 10:25:53",3,5,3,6,4,4,7,4,3,6,2,5,3,6,3,1,45,1,1,1,4,5,5,3,1,5,1,1,1,5,6,4,4,4,4,4,2,NA,NA,NA,0,0,0,"","","","","","","","",NA,NA,NA,NA,NA,NA,NA,NA,NA,NA,NA,NA,2703,11,1,1,1
"137",1,1,82,"DE",3276,6146,"2024-05-20 11:25:19","2024-05-20 13:07:45",5,4,5,6,7,6,5,5,4,7,4,5,6,7,5,3,54,1,1,1,5,7,1,6,6,6,1,1,1,5,5,6,5,5,5,5,5,NA,NA,NA,0,0,0,"Vertikale Freiflächen Agri-PV-Anlage auf Weide- oder Ackerland,Bis zu einem Fussballfeld (ca. 1ha),1500-4500 Meter,Grundstückseigentümer,11-20% Reduzierung des Ernteertrags,41-80% Erhöhung der Eigenproduktion,0-5% höheres Einkommen","Agri-PV-Anlage auf Gewächshäusern und Ersatz von Folientunneln,Bis zu einem Fussballfeld (ca. 1ha),500-1500 Meter,Externe (nicht lokale) Investoren,0-5% Reduzierung des Ernteertrags,41-80% Erhöhung der Eigenproduktion,41-80% höheres Einkommen","Horizontale Freiflächen Agri-PV-Anlage auf Weide- oder Ackerland,Bis zu einem Fussballfeld (ca. 1ha),1500-4500 Meter,Grundstückseigentümer,0-5% Reduzierung des Ernteertrags,0-5% Erhöhung der Eigenproduktion,11-20% höheres Einkommen","Horizontale Freiflächen Agri-PV-Anlage auf Weide- oder Ackerland,Bis zu einem Fussballfeld (ca. 1ha),500-1500 Meter,Gemeinde,6-10% Reduzierung des Ernteertrags,41-80% Erhöhung der Eigenproduktion,6-10% höheres Einkommen","","","","",2,6,4,NA,NA,NA,NA,NA,NA,NA,NA,NA,3405,22,5,2,1
"138",1,0,7,"DE",11821,1972980,"2024-05-20 14:08:31","2024-06-12 10:11:32",NA,NA,NA,NA,NA,NA,NA,NA,NA,NA,NA,NA,NA,NA,NA,NA,65,2,1,1,2,NA,NA,NA,NA,NA,NA,NA,NA,NA,NA,NA,NA,NA,NA,NA,NA,NA,NA,NA,0,0,0,"","","","","","","","",NA,NA,NA,NA,NA,NA,NA,NA,NA,NA,NA,NA,155,11,1,1,1
"139",NA,1,0,"EN",4216,NA,"2024-05-20 16:42:27","2024-05-20 16:42:27",NA,NA,NA,NA,NA,NA,NA,NA,NA,NA,NA,NA,NA,NA,NA,NA,NA,NA,NA,NA,NA,NA,NA,NA,NA,NA,NA,NA,NA,NA,NA,NA,NA,NA,NA,NA,NA,NA,NA,NA,0,0,0,"","","","","","","","",NA,NA,NA,NA,NA,NA,NA,NA,NA,NA,NA,NA,4255,13,3,1,1
"140",1,0,70,"DE",10337,1716,"2024-05-20 17:13:17","2024-05-20 17:41:53",NA,NA,NA,NA,NA,NA,5,2,5,7,5,3,3,5,3,3,75,2,1,1,1,6,2,2,3,4,1,1,3,4,4,3,4,2,1,2,NA,NA,NA,NA,0,0,0,"","","","","","","","",NA,NA,NA,NA,NA,NA,NA,NA,NA,NA,NA,NA,4024,22,5,2,1
"141",1,1,80,"DE",9174,1286,"2024-05-20 17:31:51","2024-05-20 17:53:17",5,3,4,6,5,3,7,7,3,6,6,3,5,6,3,3,76,1,1,1,2,5,3,2,2,5,1,1,1,5,5,5,5,5,3,5,6,NA,NA,NA,0,0,0,"","","","","","","","",NA,NA,NA,NA,NA,NA,NA,NA,NA,NA,NA,NA,934,12,2,1,1
"142",1,0,28,"FR",9207,1361,"2024-05-20 17:40:59","2024-05-20 18:03:41",NA,NA,NA,NA,NA,NA,NA,NA,NA,NA,NA,NA,NA,NA,NA,NA,51,2,1,1,4,6,2,4,NA,NA,NA,NA,NA,NA,NA,NA,NA,NA,NA,NA,NA,NA,NA,NA,1,0,0,"","","","","","","","",NA,NA,NA,NA,NA,NA,NA,NA,NA,NA,NA,NA,6136,13,3,1,1
"143",1,1,25,"DE",2737,549,"2024-05-21 04:23:08","2024-05-21 04:32:17",NA,NA,NA,NA,NA,NA,NA,NA,NA,NA,NA,NA,NA,NA,NA,NA,42,1,1,1,3,6,5,3,NA,NA,NA,NA,NA,NA,NA,NA,NA,NA,NA,NA,NA,NA,NA,NA,0,0,0,"","","","","","","","",NA,NA,NA,NA,NA,NA,NA,NA,NA,NA,NA,NA,1372,13,3,1,1
"144",1,0,82,"EN",7401,3680,"2024-05-21 07:34:06","2024-05-21 08:35:26",3,1,2,3,1,1,4,6,3,5,3,3,2,4,4,4,54,1,1,1,3,6,3,2,1,4,1,1,1,3,3,4,4,2,2,1,4,NA,NA,NA,0,0,0,"Horizontal open space Agri-PV systems on pasture or arable land,Up to one football pitch (approx. 1ha),500-1500 meters,Landowner,41-80% reduction in crop yield,0-5% increase in own production,21-40% higher income","Horizontal open space Agri-PV systems on pasture or arable land,Up to 5 football pitches (approx. 5ha),500-1500 meters,Energy cooperative (e.g. local population),11-20% reduction in crop yield,41-80% increase in own production,21-40% higher income","","","","","","",1,2,2,NA,NA,NA,NA,NA,NA,NA,NA,NA,261,11,1,1,1
"145",1,0,42,"DE",14135,7506,"2024-05-21 08:27:20","2024-05-21 10:32:27",NA,NA,NA,NA,NA,NA,6,7,5,7,3,7,7,5,1,4,43,1,1,1,4,6,1,5,NA,NA,NA,NA,NA,NA,NA,NA,NA,NA,NA,NA,NA,NA,NA,NA,0,0,0,"","","","","","","","",NA,NA,NA,NA,NA,NA,NA,NA,NA,NA,NA,NA,2769,11,1,1,1
"146",1,0,25,"DE",8129,986040,"2024-05-21 08:38:15","2024-06-01 18:32:16",NA,NA,NA,NA,NA,NA,NA,NA,NA,NA,NA,NA,NA,NA,NA,NA,47,2,1,1,1,7,1,6,NA,NA,NA,NA,NA,NA,NA,NA,NA,NA,NA,NA,NA,NA,NA,NA,1,0,0,"","","","","","","","",NA,NA,NA,NA,NA,NA,NA,NA,NA,NA,NA,NA,743,12,2,1,1
"147",1,0,41,"EN",11928,1107,"2024-05-21 15:16:52","2024-05-21 15:35:19",NA,NA,NA,NA,NA,NA,6,4,4,4,4,4,5,5,4,4,47,1,1,2,1,4,4,4,NA,NA,NA,NA,NA,NA,NA,NA,NA,NA,NA,NA,NA,NA,NA,NA,0,0,0,"","","","","","","","",NA,NA,NA,NA,NA,NA,NA,NA,NA,NA,NA,NA,5586,11,1,1,1
"148",1,0,80,"DE",6881,3435,"2024-05-21 16:31:03","2024-05-21 17:28:18",5,5,5,5,4,5,5,2,2,5,3,3,6,6,3,4,67,2,1,1,2,6,3,5,5,6,1,1,1,5,5,6,5,3,3,3,4,NA,NA,NA,0,0,0,"Horizontale Freiflächen Agri-PV-Anlage auf Weide- oder Ackerland,Bis zu 5 Fussballfelder (ca. 5ha),1500-4500 Meter,Energiegenossenschaft (z.B. lokale Bevölkerung),41-80% Reduzierung des Ernteertrags,0-5% Erhöhung der Eigenproduktion,0-5% höheres Einkommen","Horizontale Freiflächen Agri-PV-Anlage auf Weide- oder Ackerland,Bis zu 5 Fussballfelder (ca. 5ha),0-500 Meter,Externe (nicht lokale) Investoren,41-80% Reduzierung des Ernteertrags,6-10% Erhöhung der Eigenproduktion ,0-5% höheres Einkommen","","","","","","",NA,NA,NA,NA,NA,NA,NA,NA,NA,NA,NA,NA,1217,23,6,2,1
"149",1,1,80,"DE",8621,864586,"2024-05-21 17:07:26","2024-05-31 17:17:12",6,6,5,6,6,5,5,2,3,7,5,6,5,6,5,4,44,2,1,1,2,7,2,5,4,7,3,3,3,7,7,7,7,7,6,7,6,NA,NA,NA,0,0,0,"Agri-PV-Anlage auf Gewächshäusern und Ersatz von Folientunneln,Bis zu 5 Fussballfelder (ca. 5ha),500-1500 Meter,Energiegenossenschaft (z.B. lokale Bevölkerung),41-80% Reduzierung des Ernteertrags,41-80% Erhöhung der Eigenproduktion,41-80% höheres Einkommen","Horizontale Freiflächen Agri-PV-Anlage auf Weide- oder Ackerland,Bis zu 5 Fussballfelder (ca. 5ha),1500-4500 Meter,Gemeinde,21-40% Reduzierung des Ernteertrags,0-5% Erhöhung der Eigenproduktion,41-80% höheres Einkommen","","","","","","",NA,NA,NA,NA,NA,NA,NA,NA,NA,NA,NA,NA,3851,13,3,1,1
"150",1,0,84,"DE",5308,2193,"2024-05-21 17:41:13","2024-05-21 18:17:46",6,5,5,6,6,6,7,5,6,6,6,6,6,6,4,3,75,1,1,1,2,5,3,3,3,5,3,3,3,6,6,5,6,5,5,5,5,NA,NA,NA,0,0,0,"Agri-PV-Anlage auf Gewächshäusern und Ersatz von Folientunneln,Bis zu 5 Fussballfelder (ca. 5ha),1500-4500 Meter,Grundstückseigentümer,41-80% Reduzierung des Ernteertrags,0-5% Erhöhung der Eigenproduktion,41-80% höheres Einkommen","Horizontale Freiflächen Agri-PV-Anlage auf Weide- oder Ackerland,Bis zu einem Fussballfeld (ca. 1ha),1500-4500 Meter,Energiegenossenschaft (z.B. lokale Bevölkerung),41-80% Reduzierung des Ernteertrags,41-80% Erhöhung der Eigenproduktion,41-80% höheres Einkommen","Horizontale Freiflächen Agri-PV-Anlage auf Weide- oder Ackerland,Bis zu 5 Fussballfelder (ca. 5ha),500-1500 Meter,Externe (nicht lokale) Investoren,11-20% Reduzierung des Ernteertrags,11-20% Erhöhung der Eigenproduktion,11-20% höheres Einkommen","Horizontale Freiflächen Agri-PV-Anlage auf Weide- oder Ackerland,Bis zu einem Fussballfeld (ca. 1ha),0-500 Meter,Energiegenossenschaft (z.B. lokale Bevölkerung),21-40% Reduzierung des Ernteertrags,21-40% Erhöhung der Eigenproduktion,11-20% höheres Einkommen","","","","",1,6,6,1,5,3,NA,NA,NA,NA,NA,NA,131,11,1,1,1
"151",1,1,85,"DE",7315,1154,"2024-05-21 18:47:12","2024-05-21 19:06:26",7,7,7,7,7,7,7,6,6,2,7,7,7,7,3,1,36,1,1,1,3,6,1,7,5,7,1,1,1,7,7,7,7,7,7,7,7,NA,NA,NA,0,0,0,"Horizontale Freiflächen Agri-PV-Anlage auf Weide- oder Ackerland,Bis zu 5 Fussballfelder (ca. 5ha),0-500 Meter,Gemeinde,6-10% Reduzierung des Ernteertrags,11-20% Erhöhung der Eigenproduktion,41-80% höheres Einkommen","Vertikale Freiflächen Agri-PV-Anlage auf Weide- oder Ackerland,Bis zu 5 Fussballfelder (ca. 5ha),500-1500 Meter,Gemeinde,21-40% Reduzierung des Ernteertrags,21-40% Erhöhung der Eigenproduktion,0-5% höheres Einkommen","Horizontale Freiflächen Agri-PV-Anlage auf Weide- oder Ackerland,Bis zu einem Fussballfeld (ca. 1ha),500-1500 Meter,Grundstückseigentümer,41-80% Reduzierung des Ernteertrags,21-40% Erhöhung der Eigenproduktion,11-20% höheres Einkommen","Horizontale Freiflächen Agri-PV-Anlage auf Weide- oder Ackerland,Bis zu einem Fussballfeld (ca. 1ha),0-500 Meter,Gemeinde,41-80% Reduzierung des Ernteertrags,0-5% Erhöhung der Eigenproduktion,11-20% höheres Einkommen","Horizontale Freiflächen Agri-PV-Anlage auf Weide- oder Ackerland,Bis zu 5 Fussballfelder (ca. 5ha),0-500 Meter,Bäuerinnen und Bauern,21-40% Reduzierung des Ernteertrags,0-5% Erhöhung der Eigenproduktion,0-5% höheres Einkommen","Vertikale Freiflächen Agri-PV-Anlage auf Weide- oder Ackerland,Bis zu 10 Fussballfelder (ca. 10ha),1500-4500 Meter,Energiegenossenschaft (z.B. lokale Bevölkerung),21-40% Reduzierung des Ernteertrags,11-20% Erhöhung der Eigenproduktion,21-40% höheres Einkommen","","",2,7,7,2,7,7,2,7,7,NA,NA,NA,6300,13,3,1,1
"152",1,0,77,"DE",14254,1618,"2024-05-21 20:16:57","2024-05-21 20:43:56",4,5,5,5,4,4,6,4,4,7,5,5,6,5,4,4,42,2,1,1,4,5,2,5,3,6,1,1,3,5,5,5,4,5,4,5,5,NA,NA,NA,0,0,0,"","","","","","","","",NA,NA,NA,NA,NA,NA,NA,NA,NA,NA,NA,NA,120,21,4,2,1
"153",1,1,85,"DE",5259,2936,"2024-05-22 11:20:25","2024-05-22 12:09:21",5,5,4,6,7,5,5,2,2,6,2,4,5,6,2,2,34,1,1,1,4,7,2,7,2,6,3,1,1,5,5,5,5,5,5,5,6,NA,NA,NA,1,0,0,"Vertikale Freiflächen Agri-PV-Anlage auf Weide- oder Ackerland,Bis zu einem Fussballfeld (ca. 1ha),0-500 Meter,Externe (nicht lokale) Investoren,0-5% Reduzierung des Ernteertrags,6-10% Erhöhung der Eigenproduktion ,6-10% höheres Einkommen","Agri-PV-Anlage auf Gewächshäusern und Ersatz von Folientunneln,Bis zu 5 Fussballfelder (ca. 5ha),1500-4500 Meter,Gemeinde,21-40% Reduzierung des Ernteertrags,6-10% Erhöhung der Eigenproduktion ,0-5% höheres Einkommen","Horizontale Freiflächen Agri-PV-Anlage auf Weide- oder Ackerland,Bis zu 10 Fussballfelder (ca. 10ha),1500-4500 Meter,Bäuerinnen und Bauern,0-5% Reduzierung des Ernteertrags,21-40% Erhöhung der Eigenproduktion,0-5% höheres Einkommen","Agri-PV-Anlage auf Gewächshäusern und Ersatz von Folientunneln,Bis zu 5 Fussballfelder (ca. 5ha),1500-4500 Meter,Externe (nicht lokale) Investoren,21-40% Reduzierung des Ernteertrags,0-5% Erhöhung der Eigenproduktion,6-10% höheres Einkommen","Agri-PV-Anlage auf Gewächshäusern und Ersatz von Folientunneln,Bis zu einem Fussballfeld (ca. 1ha),0-500 Meter,Externe (nicht lokale) Investoren,41-80% Reduzierung des Ernteertrags,21-40% Erhöhung der Eigenproduktion,0-5% höheres Einkommen","Horizontale Freiflächen Agri-PV-Anlage auf Weide- oder Ackerland,Bis zu einem Fussballfeld (ca. 1ha),0-500 Meter,Externe (nicht lokale) Investoren,21-40% Reduzierung des Ernteertrags,0-5% Erhöhung der Eigenproduktion,21-40% höheres Einkommen","","",2,3,5,1,6,3,2,5,5,NA,NA,NA,407,23,6,2,1
"154",1,1,82,"DE",10073,4114,"2024-05-22 13:23:37","2024-05-22 14:32:12",6,4,4,4,4,6,6,4,5,6,6,4,3,4,4,3,70,2,1,1,1,6,4,3,4,3,1,1,3,4,4,4,5,2,2,2,1,NA,NA,NA,0,0,0,"Agri-PV-Anlage auf Gewächshäusern und Ersatz von Folientunneln,Bis zu 5 Fussballfelder (ca. 5ha),500-1500 Meter,Bäuerinnen und Bauern,0-5% Reduzierung des Ernteertrags,6-10% Erhöhung der Eigenproduktion ,41-80% höheres Einkommen","Horizontale Freiflächen Agri-PV-Anlage auf Weide- oder Ackerland,Bis zu einem Fussballfeld (ca. 1ha),0-500 Meter,Bäuerinnen und Bauern,41-80% Reduzierung des Ernteertrags,6-10% Erhöhung der Eigenproduktion ,21-40% höheres Einkommen","Agri-PV-Anlage auf Gewächshäusern und Ersatz von Folientunneln,Bis zu einem Fussballfeld (ca. 1ha),500-1500 Meter,Energiegenossenschaft (z.B. lokale Bevölkerung),41-80% Reduzierung des Ernteertrags,6-10% Erhöhung der Eigenproduktion ,21-40% höheres Einkommen","Agri-PV-Anlage auf Gewächshäusern und Ersatz von Folientunneln,Bis zu 5 Fussballfelder (ca. 5ha),1500-4500 Meter,Gemeinde,6-10% Reduzierung des Ernteertrags,0-5% Erhöhung der Eigenproduktion,0-5% höheres Einkommen","","","","",1,4,4,NA,NA,NA,NA,NA,NA,NA,NA,NA,230,12,2,1,1
"155",1,1,85,"DE",5014,1354,"2024-05-22 15:49:13","2024-05-22 16:11:47",5,3,4,5,4,3,5,6,5,5,5,5,5,5,3,3,35,1,1,1,4,5,3,5,2,6,1,1,3,5,5,6,6,6,5,5,5,NA,NA,NA,0,0,0,"Horizontale Freiflächen Agri-PV-Anlage auf Weide- oder Ackerland,Bis zu einem Fussballfeld (ca. 1ha),0-500 Meter,Bäuerinnen und Bauern,0-5% Reduzierung des Ernteertrags,21-40% Erhöhung der Eigenproduktion,41-80% höheres Einkommen","Horizontale Freiflächen Agri-PV-Anlage auf Weide- oder Ackerland,Bis zu 10 Fussballfelder (ca. 10ha),1500-4500 Meter,Grundstückseigentümer,21-40% Reduzierung des Ernteertrags,0-5% Erhöhung der Eigenproduktion,21-40% höheres Einkommen","Vertikale Freiflächen Agri-PV-Anlage auf Weide- oder Ackerland,Bis zu 5 Fussballfelder (ca. 5ha),0-500 Meter,Externe (nicht lokale) Investoren,0-5% Reduzierung des Ernteertrags,41-80% Erhöhung der Eigenproduktion,11-20% höheres Einkommen","Horizontale Freiflächen Agri-PV-Anlage auf Weide- oder Ackerland,Bis zu 5 Fussballfelder (ca. 5ha),500-1500 Meter,Gemeinde,11-20% Reduzierung des Ernteertrags,41-80% Erhöhung der Eigenproduktion,41-80% höheres Einkommen","Agri-PV-Anlage auf Gewächshäusern und Ersatz von Folientunneln,Bis zu 10 Fussballfelder (ca. 10ha),1500-4500 Meter,Regionaler Energieversorger,21-40% Reduzierung des Ernteertrags,0-5% Erhöhung der Eigenproduktion,21-40% höheres Einkommen","Horizontale Freiflächen Agri-PV-Anlage auf Weide- oder Ackerland,Bis zu einem Fussballfeld (ca. 1ha),0-500 Meter,Externe (nicht lokale) Investoren,6-10% Reduzierung des Ernteertrags,6-10% Erhöhung der Eigenproduktion ,6-10% höheres Einkommen","Agri-PV-Anlage auf Gewächshäusern und Ersatz von Folientunneln,Bis zu einem Fussballfeld (ca. 1ha),1500-4500 Meter,Grundstückseigentümer,6-10% Reduzierung des Ernteertrags,6-10% Erhöhung der Eigenproduktion ,0-5% höheres Einkommen","Horizontale Freiflächen Agri-PV-Anlage auf Weide- oder Ackerland,Bis zu 5 Fussballfelder (ca. 5ha),1500-4500 Meter,Grundstückseigentümer,0-5% Reduzierung des Ernteertrags,11-20% Erhöhung der Eigenproduktion,41-80% höheres Einkommen",2,5,5,2,5,5,2,5,5,NA,NA,NA,4289,12,2,1,1
"156",1,0,80,"DE",13012,976,"2024-05-22 21:54:09","2024-05-22 22:10:26",6,7,6,5,5,5,7,7,7,7,7,7,7,7,2,2,69,2,1,1,1,6,3,4,5,5,1,1,1,7,7,6,6,5,5,4,5,NA,NA,NA,0,0,0,"","","","","","","","",NA,NA,NA,NA,NA,NA,NA,NA,NA,NA,NA,NA,4401,12,2,1,1
"157",1,1,80,"DE",7349,1239,"2024-05-22 22:02:15","2024-05-22 22:22:55",6,6,5,6,6,6,5,5,5,7,7,7,7,7,7,4,74,1,1,1,2,6,2,5,5,6,1,3,3,5,6,6,6,6,6,6,6,NA,NA,NA,0,0,0,"Agri-PV-Anlage auf Gewächshäusern und Ersatz von Folientunneln,Bis zu 10 Fussballfelder (ca. 10ha),1500-4500 Meter,Energiegenossenschaft (z.B. lokale Bevölkerung),0-5% Reduzierung des Ernteertrags,6-10% Erhöhung der Eigenproduktion ,11-20% höheres Einkommen","Agri-PV-Anlage auf Gewächshäusern und Ersatz von Folientunneln,Bis zu einem Fussballfeld (ca. 1ha),0-500 Meter,Externe (nicht lokale) Investoren,41-80% Reduzierung des Ernteertrags,21-40% Erhöhung der Eigenproduktion,21-40% höheres Einkommen","","","","","","",NA,NA,NA,NA,NA,NA,NA,NA,NA,NA,NA,NA,141,11,1,1,1
"158",1,1,73,"DE",4858,13616,"2024-05-23 10:22:19","2024-05-23 14:09:15",NA,NA,NA,NA,NA,NA,4,2,4,7,4,6,4,4,2,4,33,2,1,1,2,5,1,5,1,7,1,1,1,6,6,6,5,5,5,5,NA,NA,NA,NA,0,0,0,"","","","","","","","",NA,NA,NA,NA,NA,NA,NA,NA,NA,NA,NA,NA,261,11,1,1,1
"159",1,1,78,"DE",14542,2523,"2024-05-23 13:39:12","2024-05-23 14:21:16",5,5,1,6,6,5,1,1,1,5,4,5,1,7,3,1,70,2,1,1,1,6,1,7,2,5,1,1,1,5,4,3,5,4,4,4,1,NA,NA,NA,0,0,0,"","","","","","","","",NA,NA,NA,NA,NA,NA,NA,NA,NA,NA,NA,NA,3203,12,2,1,1
"160",1,1,80,"DE",10232,2218,"2024-05-23 14:57:36","2024-05-23 15:34:34",1,5,4,7,5,5,2,1,3,7,1,5,3,5,3,2,41,2,1,1,2,5,2,5,5,6,1,3,1,3,6,5,4,4,4,3,4,NA,NA,NA,1,0,0,"Agri-PV-Anlage auf Gewächshäusern und Ersatz von Folientunneln,Bis zu 5 Fussballfelder (ca. 5ha),0-500 Meter,Regionaler Energieversorger,21-40% Reduzierung des Ernteertrags,41-80% Erhöhung der Eigenproduktion,21-40% höheres Einkommen","Agri-PV-Anlage auf Gewächshäusern und Ersatz von Folientunneln,Bis zu einem Fussballfeld (ca. 1ha),0-500 Meter,Bäuerinnen und Bauern,21-40% Reduzierung des Ernteertrags,0-5% Erhöhung der Eigenproduktion,41-80% höheres Einkommen","","","","","","",NA,NA,NA,NA,NA,NA,NA,NA,NA,NA,NA,NA,3961,32,8,3,1
"161",1,0,78,"DE",9285,3538,"2024-05-23 15:05:34","2024-05-23 16:04:33",3,3,2,4,6,4,2,1,2,7,2,6,2,7,6,3,64,1,1,1,4,7,1,7,3,3,1,1,1,3,3,3,2,2,2,2,2,NA,NA,NA,1,0,0,"","","","","","","","",NA,NA,NA,NA,NA,NA,NA,NA,NA,NA,NA,NA,4203,13,3,1,1
"162",1,1,80,"DE",5650,68454,"2024-05-23 19:32:18","2024-05-24 14:33:12",5,5,5,5,5,4,6,2,5,6,5,5,6,5,6,3,74,1,1,1,2,7,3,5,4,6,1,1,1,5,5,5,5,4,3,5,4,NA,NA,NA,0,0,0,"Horizontale Freiflächen Agri-PV-Anlage auf Weide- oder Ackerland,Bis zu 10 Fussballfelder (ca. 10ha),1500-4500 Meter,Bäuerinnen und Bauern,41-80% Reduzierung des Ernteertrags,21-40% Erhöhung der Eigenproduktion,6-10% höheres Einkommen","Vertikale Freiflächen Agri-PV-Anlage auf Weide- oder Ackerland,Bis zu 5 Fussballfelder (ca. 5ha),0-500 Meter,Regionaler Energieversorger,11-20% Reduzierung des Ernteertrags,11-20% Erhöhung der Eigenproduktion,21-40% höheres Einkommen","","","","","","",NA,NA,NA,NA,NA,NA,NA,NA,NA,NA,NA,NA,762,33,9,3,1
"163",1,1,77,"DE",12179,2231,"2024-05-23 21:46:45","2024-05-23 22:23:57",4,4,3,5,5,4,4,2,3,7,4,5,5,6,3,3,50,2,1,2,1,4,2,6,3,5,1,1,1,4,4,4,4,4,4,3,4,NA,NA,NA,0,0,0,"","","","","","","","",NA,NA,NA,NA,NA,NA,NA,NA,NA,NA,NA,NA,1059,12,2,1,1
"164",NA,0,0,"EN",13538,NA,"2024-05-24 09:01:22","2024-05-24 09:01:22",NA,NA,NA,NA,NA,NA,NA,NA,NA,NA,NA,NA,NA,NA,NA,NA,NA,NA,NA,NA,NA,NA,NA,NA,NA,NA,NA,NA,NA,NA,NA,NA,NA,NA,NA,NA,NA,NA,NA,NA,0,0,0,"","","","","","","","",NA,NA,NA,NA,NA,NA,NA,NA,NA,NA,NA,NA,6631,11,1,1,1
"165",1,1,89,"FR",12917,925,"2024-05-24 09:43:02","2024-05-24 09:58:27",5,5,5,5,5,5,6,6,4,6,2,4,4,4,1,3,57,1,1,1,3,7,5,3,1,7,3,1,1,7,7,7,7,7,4,4,5,NA,NA,NA,1,0,0,"Installations agri-PV sur des serres et remplacement de tunnels en plastique,Jusqu'à 5 terrains de football (env. 5ha),0-500 mètres,Commune,Réduction de 41-80% du rendement de la récolte,Augmentation de 6-10% de la production propre,Augmentation de 41-80% du revenu des agriculteurs","Surfaces libres horizontales pour installations agri-PV sur des pâturage ou des terres cultivées,Jusqu'à 5 terrains de football (env. 5ha),0-500 mètres,Investisseurs externes (non locaux),Réduction de 11-20% du rendement de la récolte,Augmentation de 6-10% de la production propre,Augmentation de 21-40% du revenu des agriculteurs","Installations agri-PV sur des serres et remplacement de tunnels en plastique,Jusqu'à un terrain de football (env. 1ha),1500-4500 mètres,Investisseurs externes (non locaux),Réduction de 0-5% du rendement de la récolte,Augmentation de 6-10% de la production propre,Augmentation de 21-40% du revenu des agriculteurs","Surfaces libres horizontales pour installations agri-PV sur des pâturage ou des terres cultivées,Jusqu'à 10 terrains de football (env. 10ha),0-500 mètres,Propriétaire du terrain,Réduction de 0-5% du rendement de la récolte,Augmentation de 11-20% de la production propre,Augmentation de 11-20% du revenu des agriculteurs","Surfaces libres horizontales pour installations agri-PV sur des pâturage ou des terres cultivées,Jusqu'à 10 terrains de football (env. 10ha),1500-4500 mètres,Investisseurs externes (non locaux),Réduction de 11-20% du rendement de la récolte,Augmentation de 0-5% de la production propre,Augmentation de 21-40% du revenu des agriculteurs","Surfaces libres verticales pour installations agri-PV sur des pâturages ou des terres cultivées ,Jusqu'à un terrain de football (env. 1ha),1500-4500 mètres,Paysans et paysannes,Réduction de 6-10% du rendement de la récolte,Augmentation de 21-40% de la production propre,Augmentation de 0-5% du revenu des agriculteurs","Surfaces libres verticales pour installations agri-PV sur des pâturages ou des terres cultivées ,Jusqu'à un terrain de football (env. 1ha),0-500 mètres,Investisseurs externes (non locaux),Réduction de 6-10% du rendement de la récolte,Augmentation de 11-20% de la production propre,Augmentation de 41-80% du revenu des agriculteurs","Surfaces libres verticales pour installations agri-PV sur des pâturages ou des terres cultivées ,Jusqu'à 5 terrains de football (env. 5ha),1500-4500 mètres,Paysans et paysannes,Réduction de 6-10% du rendement de la récolte,Augmentation de 6-10% de la production propre,Augmentation de 0-5% du revenu des agriculteurs",2,3,7,1,7,3,2,3,7,1,6,3,6630,11,1,1,1
"166",1,0,14,"DE",8927,373,"2024-05-24 10:01:14","2024-05-24 10:07:27",NA,NA,NA,NA,NA,NA,NA,NA,NA,NA,NA,NA,NA,NA,NA,NA,52,2,1,1,3,5,3,5,NA,NA,NA,NA,NA,NA,NA,NA,NA,NA,NA,NA,NA,NA,NA,NA,0,0,0,"","","","","","","","",NA,NA,NA,NA,NA,NA,NA,NA,NA,NA,NA,NA,261,11,1,1,1
"167",1,0,38,"DE",15679,790418,"2024-05-24 17:18:39","2024-06-02 20:52:18",NA,NA,NA,NA,NA,NA,6,1,5,6,1,4,5,4,2,3,34,2,1,2,2,7,2,6,NA,NA,NA,NA,NA,NA,NA,NA,NA,NA,NA,NA,NA,NA,NA,NA,1,1,0,"","","","","","","","",NA,NA,NA,NA,NA,NA,NA,NA,NA,NA,NA,NA,4254,11,1,1,1
"168",1,1,8,"EN",2291,359,"2024-05-25 00:36:52","2024-05-25 00:42:51",NA,NA,NA,NA,NA,NA,NA,NA,NA,NA,NA,NA,NA,NA,NA,NA,41,1,1,2,4,NA,NA,NA,NA,NA,NA,NA,NA,NA,NA,NA,NA,NA,NA,NA,NA,NA,NA,NA,0,1,1,"","","","","","","","",NA,NA,NA,NA,NA,NA,NA,NA,NA,NA,NA,NA,1137,31,7,3,1
"169",1,0,40,"DE",12585,1711,"2024-05-25 09:31:19","2024-05-25 09:59:51",NA,NA,NA,NA,NA,NA,7,7,7,5,7,6,7,7,5,7,2007,2,1,2,5,7,3,7,NA,NA,NA,NA,NA,NA,NA,NA,NA,NA,NA,NA,NA,NA,NA,NA,1,0,1,"","","","","","","","",NA,NA,NA,NA,NA,NA,NA,NA,NA,NA,NA,NA,4205,22,5,2,1
"170",1,1,80,"DE",13389,1294,"2024-05-25 10:12:40","2024-05-25 10:34:14",5,4,4,4,5,6,5,3,5,6,2,4,3,4,4,3,26,2,1,1,2,5,5,3,2,2,1,1,1,5,5,5,1,1,1,1,4,NA,NA,NA,1,1,1,"Agri-PV-Anlage auf Gewächshäusern und Ersatz von Folientunneln,Bis zu 10 Fussballfelder (ca. 10ha),0-500 Meter,Gemeinde,11-20% Reduzierung des Ernteertrags,11-20% Erhöhung der Eigenproduktion,6-10% höheres Einkommen","Horizontale Freiflächen Agri-PV-Anlage auf Weide- oder Ackerland,Bis zu einem Fussballfeld (ca. 1ha),1500-4500 Meter,Energiegenossenschaft (z.B. lokale Bevölkerung),6-10% Reduzierung des Ernteertrags,21-40% Erhöhung der Eigenproduktion,6-10% höheres Einkommen","","","","","","",NA,NA,NA,NA,NA,NA,NA,NA,NA,NA,NA,NA,956,22,5,2,1
"171",1,1,43,"DE",6292,782,"2024-05-25 11:16:16","2024-05-25 11:29:19",NA,NA,NA,NA,NA,NA,4,4,4,NA,NA,NA,NA,NA,NA,NA,35,2,1,2,3,4,4,4,NA,NA,NA,NA,NA,NA,NA,NA,NA,NA,NA,NA,NA,NA,NA,NA,1,0,0,"","","","","","","","",NA,NA,NA,NA,NA,NA,NA,NA,NA,NA,NA,NA,54,11,1,1,1
"172",1,1,56,"EN",12466,610321,"2024-05-25 12:08:43","2024-06-01 13:40:44",NA,NA,NA,NA,NA,NA,6,4,6,NA,NA,NA,NA,NA,NA,NA,35,1,2,2,3,7,4,6,1,3,NA,NA,NA,NA,NA,NA,NA,NA,NA,NA,NA,NA,NA,NA,0,0,0,"","","","","","","","",NA,NA,NA,NA,NA,NA,NA,NA,NA,NA,NA,NA,6621,11,1,1,1
"173",1,1,56,"DE",5367,1561,"2024-05-25 13:41:37","2024-05-25 14:07:38",NA,NA,NA,NA,NA,NA,5,5,4,5,3,4,2,4,4,1,20,1,1,2,2,4,5,3,2,4,NA,NA,NA,NA,NA,NA,NA,NA,NA,NA,NA,NA,NA,NA,1,1,0,"","","","","","","","",NA,NA,NA,NA,NA,NA,NA,NA,NA,NA,NA,NA,4253,22,5,2,1
"174",1,0,25,"DE",616,1780,"2024-05-25 15:29:04","2024-05-25 15:58:45",NA,NA,NA,NA,NA,NA,NA,NA,NA,NA,NA,NA,NA,NA,NA,NA,53,99,1,2,3,6,1,6,NA,NA,NA,NA,NA,NA,NA,NA,NA,NA,NA,NA,NA,NA,NA,NA,0,0,0,"","","","","","","","",NA,NA,NA,NA,NA,NA,NA,NA,NA,NA,NA,NA,4045,12,2,1,1
"175",1,1,11,"FR",11675,277,"2024-05-25 17:27:17","2024-05-25 17:31:54",NA,NA,NA,NA,NA,NA,NA,NA,NA,NA,NA,NA,NA,NA,NA,NA,22,1,1,1,3,6,1,7,NA,NA,NA,NA,NA,NA,NA,NA,NA,NA,NA,NA,NA,NA,NA,NA,0,0,0,"","","","","","","","",NA,NA,NA,NA,NA,NA,NA,NA,NA,NA,NA,NA,371,12,2,1,1
"176",1,1,73,"FR",12921,5357,"2024-05-26 10:56:38","2024-05-26 12:25:55",NA,NA,NA,NA,NA,NA,5,4,5,5,3,4,5,5,5,3,74,2,1,1,1,7,1,7,5,6,1,1,1,5,5,5,5,5,3,5,NA,NA,NA,NA,1,0,0,"","","","","","","","",NA,NA,NA,NA,NA,NA,NA,NA,NA,NA,NA,NA,6730,22,5,2,1
"177",1,1,80,"DE",14494,2055,"2024-05-26 13:53:00","2024-05-26 14:27:15",6,5,4,6,5,4,6,3,5,7,6,7,6,6,6,2,66,2,1,1,2,6,2,3,3,6,1,1,3,2,6,6,6,6,5,6,6,NA,NA,NA,0,1,1,"Horizontale Freiflächen Agri-PV-Anlage auf Weide- oder Ackerland,Bis zu einem Fussballfeld (ca. 1ha),0-500 Meter,Regionaler Energieversorger,11-20% Reduzierung des Ernteertrags,6-10% Erhöhung der Eigenproduktion ,11-20% höheres Einkommen","Vertikale Freiflächen Agri-PV-Anlage auf Weide- oder Ackerland,Bis zu einem Fussballfeld (ca. 1ha),0-500 Meter,Energiegenossenschaft (z.B. lokale Bevölkerung),11-20% Reduzierung des Ernteertrags,21-40% Erhöhung der Eigenproduktion,0-5% höheres Einkommen","","","","","","",NA,NA,NA,NA,NA,NA,NA,NA,NA,NA,NA,NA,4202,32,8,3,1
"178",1,1,74,"DE",15907,998,"2024-05-26 16:25:11","2024-05-26 16:41:50",NA,NA,NA,NA,NA,NA,5,2,4,6,5,5,5,6,4,3,36,1,1,1,2,6,1,7,1,5,1,1,1,5,6,5,6,6,6,5,5,NA,NA,NA,0,0,0,"","","","","","","","",NA,NA,NA,NA,NA,NA,NA,NA,NA,NA,NA,NA,230,12,2,1,1
"179",1,1,8,"DE",2781,84,"2024-05-26 16:50:25","2024-05-26 16:51:49",NA,NA,NA,NA,NA,NA,NA,NA,NA,NA,NA,NA,NA,NA,NA,NA,35,1,1,1,2,NA,NA,NA,NA,NA,NA,NA,NA,NA,NA,NA,NA,NA,NA,NA,NA,NA,NA,NA,1,0,0,"","","","","","","","",NA,NA,NA,NA,NA,NA,NA,NA,NA,NA,NA,NA,3359,33,9,3,1
"180",1,1,53,"DE",2058,670,"2024-05-26 17:31:33","2024-05-26 17:42:44",NA,NA,NA,NA,NA,NA,7,7,7,5,2,7,1,7,1,1,53,1,1,1,4,4,5,5,1,3,NA,NA,NA,NA,NA,NA,NA,NA,NA,NA,NA,NA,NA,NA,0,0,0,"","","","","","","","",NA,NA,NA,NA,NA,NA,NA,NA,NA,NA,NA,NA,1501,32,8,3,1
"181",1,1,84,"DE",910,1321,"2024-05-26 20:59:51","2024-05-26 21:21:52",5,4,1,2,1,1,6,7,5,5,6,6,7,5,1,3,31,99,1,2,3,2,2,5,1,4,1,1,1,3,3,3,4,4,4,4,4,NA,NA,NA,0,0,0,"Vertikale Freiflächen Agri-PV-Anlage auf Weide- oder Ackerland,Bis zu einem Fussballfeld (ca. 1ha),1500-4500 Meter,Bäuerinnen und Bauern,6-10% Reduzierung des Ernteertrags,21-40% Erhöhung der Eigenproduktion,11-20% höheres Einkommen","Agri-PV-Anlage auf Gewächshäusern und Ersatz von Folientunneln,Bis zu 10 Fussballfelder (ca. 10ha),500-1500 Meter,Bäuerinnen und Bauern,0-5% Reduzierung des Ernteertrags,41-80% Erhöhung der Eigenproduktion,21-40% höheres Einkommen","Horizontale Freiflächen Agri-PV-Anlage auf Weide- oder Ackerland,Bis zu 10 Fussballfelder (ca. 10ha),0-500 Meter,Gemeinde,41-80% Reduzierung des Ernteertrags,41-80% Erhöhung der Eigenproduktion,21-40% höheres Einkommen","Agri-PV-Anlage auf Gewächshäusern und Ersatz von Folientunneln,Bis zu 10 Fussballfelder (ca. 10ha),1500-4500 Meter,Grundstückseigentümer,0-5% Reduzierung des Ernteertrags,11-20% Erhöhung der Eigenproduktion,0-5% höheres Einkommen","Agri-PV-Anlage auf Gewächshäusern und Ersatz von Folientunneln,Bis zu 10 Fussballfelder (ca. 10ha),0-500 Meter,Bäuerinnen und Bauern,0-5% Reduzierung des Ernteertrags,41-80% Erhöhung der Eigenproduktion,0-5% höheres Einkommen","Vertikale Freiflächen Agri-PV-Anlage auf Weide- oder Ackerland,Bis zu einem Fussballfeld (ca. 1ha),0-500 Meter,Energiegenossenschaft (z.B. lokale Bevölkerung),11-20% Reduzierung des Ernteertrags,6-10% Erhöhung der Eigenproduktion ,6-10% höheres Einkommen","","",2,4,4,2,4,4,NA,NA,NA,NA,NA,NA,261,11,1,1,1
"182",1,1,40,"DE",1055,878,"2024-05-26 21:23:18","2024-05-26 21:37:57",NA,NA,NA,NA,NA,NA,4,2,4,6,3,4,3,3,3,3,38,1,1,1,4,6,5,6,NA,NA,NA,NA,NA,NA,NA,NA,NA,NA,NA,NA,NA,NA,NA,NA,0,0,1,"","","","","","","","",NA,NA,NA,NA,NA,NA,NA,NA,NA,NA,NA,NA,363,11,1,1,1
"183",1,1,74,"EN",15084,2205,"2024-05-27 08:19:42","2024-05-27 08:56:28",NA,NA,NA,NA,NA,NA,6,4,5,5,2,6,5,6,5,3,58,1,1,2,3,6,7,1,1,4,1,1,3,5,5,3,3,3,3,2,2,NA,NA,NA,0,0,0,"","","","","","","","",NA,NA,NA,NA,NA,NA,NA,NA,NA,NA,NA,NA,66,11,1,1,1
"184",1,1,78,"FR",4099,2320,"2024-05-27 10:27:05","2024-05-27 11:05:45",4,4,4,4,4,4,5,4,3,7,3,4,4,6,3,3,33,1,1,1,3,6,1,7,1,4,1,1,1,4,4,4,4,4,4,4,4,NA,NA,NA,0,0,0,"","","","","","","","",NA,NA,NA,NA,NA,NA,NA,NA,NA,NA,NA,NA,5586,11,1,1,1
"185",1,0,9,"DE",14304,368,"2024-05-27 13:41:24","2024-05-27 13:47:33",NA,NA,NA,NA,NA,NA,NA,NA,NA,NA,NA,NA,NA,NA,NA,NA,51,2,1,1,3,NA,NA,NA,NA,NA,NA,NA,NA,NA,NA,NA,NA,NA,NA,NA,NA,NA,NA,NA,1,0,0,"","","","","","","","",NA,NA,NA,NA,NA,NA,NA,NA,NA,NA,NA,NA,1209,33,9,3,1
"186",1,1,84,"DE",13543,1770,"2024-05-27 14:55:04","2024-05-27 15:24:35",3,1,2,1,1,1,5,2,5,7,3,2,5,3,1,1,44,1,1,1,3,5,2,6,2,5,3,3,3,5,5,5,5,5,5,5,4,NA,NA,NA,1,1,1,"Agri-PV-Anlage auf Gewächshäusern und Ersatz von Folientunneln,Bis zu 10 Fussballfelder (ca. 10ha),1500-4500 Meter,Externe (nicht lokale) Investoren,6-10% Reduzierung des Ernteertrags,41-80% Erhöhung der Eigenproduktion,0-5% höheres Einkommen","Horizontale Freiflächen Agri-PV-Anlage auf Weide- oder Ackerland,Bis zu 10 Fussballfelder (ca. 10ha),1500-4500 Meter,Regionaler Energieversorger,41-80% Reduzierung des Ernteertrags,11-20% Erhöhung der Eigenproduktion,0-5% höheres Einkommen","Agri-PV-Anlage auf Gewächshäusern und Ersatz von Folientunneln,Bis zu 5 Fussballfelder (ca. 5ha),0-500 Meter,Gemeinde,6-10% Reduzierung des Ernteertrags,0-5% Erhöhung der Eigenproduktion,21-40% höheres Einkommen","Horizontale Freiflächen Agri-PV-Anlage auf Weide- oder Ackerland,Bis zu 5 Fussballfelder (ca. 5ha),1500-4500 Meter,Regionaler Energieversorger,41-80% Reduzierung des Ernteertrags,41-80% Erhöhung der Eigenproduktion,21-40% höheres Einkommen","Horizontale Freiflächen Agri-PV-Anlage auf Weide- oder Ackerland,Bis zu einem Fussballfeld (ca. 1ha),1500-4500 Meter,Regionaler Energieversorger,6-10% Reduzierung des Ernteertrags,6-10% Erhöhung der Eigenproduktion ,11-20% höheres Einkommen","Horizontale Freiflächen Agri-PV-Anlage auf Weide- oder Ackerland,Bis zu einem Fussballfeld (ca. 1ha),0-500 Meter,Bäuerinnen und Bauern,6-10% Reduzierung des Ernteertrags,21-40% Erhöhung der Eigenproduktion,11-20% höheres Einkommen","","",1,5,1,2,1,5,NA,NA,NA,NA,NA,NA,4081,11,1,1,1
"187",1,0,25,"FR",4451,544,"2024-05-27 16:01:49","2024-05-27 16:10:54",NA,NA,NA,NA,NA,NA,NA,NA,NA,NA,NA,NA,NA,NA,NA,NA,42,2,1,2,2,7,4,4,NA,NA,NA,NA,NA,NA,NA,NA,NA,NA,NA,NA,NA,NA,NA,NA,0,0,0,"","","","","","","","",NA,NA,NA,NA,NA,NA,NA,NA,NA,NA,NA,NA,6153,13,3,1,1
"188",1,1,14,"FR",6803,6632,"2024-05-27 17:24:12","2024-05-27 19:14:44",NA,NA,NA,NA,NA,NA,NA,NA,NA,NA,NA,NA,NA,NA,NA,NA,48,1,1,1,1,6,6,6,NA,NA,NA,NA,NA,NA,NA,NA,NA,NA,NA,NA,NA,NA,NA,NA,0,0,0,"","","","","","","","",NA,NA,NA,NA,NA,NA,NA,NA,NA,NA,NA,NA,6137,13,3,1,1
"189",1,1,36,"FR",1249,3604370,"2024-05-27 18:56:29","2024-07-08 12:09:20",NA,NA,NA,NA,NA,NA,NA,NA,NA,NA,NA,NA,NA,NA,NA,NA,1953,1,1,1,2,7,7,1,NA,NA,NA,NA,NA,NA,NA,NA,NA,NA,NA,NA,NA,NA,NA,NA,0,0,0,"","","","","","","","",NA,NA,NA,NA,NA,NA,NA,NA,NA,NA,NA,NA,5586,11,1,1,1
"190",1,1,85,"DE",964,1429,"2024-05-27 21:55:50","2024-05-27 22:19:40",4,3,4,4,4,4,5,5,4,5,3,4,4,4,4,3,49,1,1,1,2,5,5,5,1,4,1,1,1,4,4,4,4,3,3,3,4,NA,NA,NA,1,0,0,"Horizontale Freiflächen Agri-PV-Anlage auf Weide- oder Ackerland,Bis zu 5 Fussballfelder (ca. 5ha),500-1500 Meter,Externe (nicht lokale) Investoren,6-10% Reduzierung des Ernteertrags,21-40% Erhöhung der Eigenproduktion,0-5% höheres Einkommen","Vertikale Freiflächen Agri-PV-Anlage auf Weide- oder Ackerland,Bis zu 10 Fussballfelder (ca. 10ha),500-1500 Meter,Energiegenossenschaft (z.B. lokale Bevölkerung),11-20% Reduzierung des Ernteertrags,21-40% Erhöhung der Eigenproduktion,6-10% höheres Einkommen","Vertikale Freiflächen Agri-PV-Anlage auf Weide- oder Ackerland,Bis zu 10 Fussballfelder (ca. 10ha),1500-4500 Meter,Energiegenossenschaft (z.B. lokale Bevölkerung),0-5% Reduzierung des Ernteertrags,41-80% Erhöhung der Eigenproduktion,6-10% höheres Einkommen","Agri-PV-Anlage auf Gewächshäusern und Ersatz von Folientunneln,Bis zu 10 Fussballfelder (ca. 10ha),0-500 Meter,Grundstückseigentümer,41-80% Reduzierung des Ernteertrags,6-10% Erhöhung der Eigenproduktion ,21-40% höheres Einkommen","Horizontale Freiflächen Agri-PV-Anlage auf Weide- oder Ackerland,Bis zu 5 Fussballfelder (ca. 5ha),1500-4500 Meter,Bäuerinnen und Bauern,41-80% Reduzierung des Ernteertrags,0-5% Erhöhung der Eigenproduktion,21-40% höheres Einkommen","Horizontale Freiflächen Agri-PV-Anlage auf Weide- oder Ackerland,Bis zu 10 Fussballfelder (ca. 10ha),1500-4500 Meter,Energiegenossenschaft (z.B. lokale Bevölkerung),41-80% Reduzierung des Ernteertrags,41-80% Erhöhung der Eigenproduktion,21-40% höheres Einkommen","","",1,3,3,1,3,3,1,1,1,NA,NA,NA,1301,13,3,1,1
"191",1,1,72,"DE",5422,1408,"2024-05-28 09:04:32","2024-05-28 09:28:01",NA,NA,NA,NA,NA,NA,5,7,5,6,7,5,6,5,3,3,75,1,1,1,1,5,3,4,3,5,1,3,3,4,5,4,4,4,4,4,NA,NA,NA,NA,1,1,1,"","","","","","","","",NA,NA,NA,NA,NA,NA,NA,NA,NA,NA,NA,NA,4196,32,8,3,1
"192",1,1,13,"DE",2965,472043,"2024-05-28 10:40:28","2024-06-02 21:47:51",NA,NA,NA,NA,NA,NA,NA,NA,NA,NA,NA,NA,NA,NA,NA,NA,54,1,1,2,1,5,4,4,NA,NA,NA,NA,NA,NA,NA,NA,NA,NA,NA,NA,NA,NA,NA,NA,0,0,0,"","","","","","","","",NA,NA,NA,NA,NA,NA,NA,NA,NA,NA,NA,NA,261,11,1,1,1
"193",1,0,79,"DE",4035,3273,"2024-05-28 18:09:37","2024-05-28 19:04:10",5,3,4,6,4,5,6,5,5,6,1,1,6,6,4,1,69,1,1,1,2,5,1,5,5,5,1,1,3,7,7,6,5,5,6,6,4,NA,NA,NA,1,1,1,"","","","","","","","",NA,NA,NA,NA,NA,NA,NA,NA,NA,NA,NA,NA,4411,22,5,2,1
"194",1,0,12,"FR",7228,376,"2024-05-28 22:13:36","2024-05-28 22:19:53",NA,NA,NA,NA,NA,NA,NA,NA,NA,NA,NA,NA,NA,NA,NA,NA,23,1,1,2,5,6,2,7,NA,NA,NA,NA,NA,NA,NA,NA,NA,NA,NA,NA,NA,NA,NA,NA,0,1,1,"","","","","","","","",NA,NA,NA,NA,NA,NA,NA,NA,NA,NA,NA,NA,2254,21,4,2,1
"195",1,0,43,"DE",9004,518,"2024-05-29 10:52:00","2024-05-29 11:00:38",NA,NA,NA,NA,NA,NA,7,2,4,7,7,4,7,5,4,2,50,99,1,1,4,6,1,6,NA,NA,NA,NA,NA,NA,NA,NA,NA,NA,NA,NA,NA,NA,NA,NA,0,0,0,"","","","","","","","",NA,NA,NA,NA,NA,NA,NA,NA,NA,NA,NA,NA,351,11,1,1,1
"196",NA,1,0,"FR",661,NA,"2024-05-29 10:55:04","2024-05-29 10:55:04",NA,NA,NA,NA,NA,NA,NA,NA,NA,NA,NA,NA,NA,NA,NA,NA,NA,NA,NA,NA,NA,NA,NA,NA,NA,NA,NA,NA,NA,NA,NA,NA,NA,NA,NA,NA,NA,NA,NA,NA,0,0,0,"","","","","","","","",NA,NA,NA,NA,NA,NA,NA,NA,NA,NA,NA,NA,6613,11,1,1,1
"197",NA,1,0,"DE",16235,NA,"2024-05-29 11:32:41","2024-05-29 11:32:42",NA,NA,NA,NA,NA,NA,NA,NA,NA,NA,NA,NA,NA,NA,NA,NA,NA,NA,NA,NA,NA,NA,NA,NA,NA,NA,NA,NA,NA,NA,NA,NA,NA,NA,NA,NA,NA,NA,NA,NA,1,1,1,"","","","","","","","",NA,NA,NA,NA,NA,NA,NA,NA,NA,NA,NA,NA,62,11,1,1,1
"198",1,1,80,"EN",790,11985,"2024-05-29 17:44:10","2024-05-29 21:03:55",6,3,3,5,2,3,6,7,4,3,2,5,2,2,5,4,51,1,1,2,4,6,6,1,1,4,1,1,3,5,5,5,6,3,2,5,5,NA,NA,NA,0,0,0,"Horizontal open space Agri-PV systems on pasture or arable land,Up to 5 football pitches (approx. 5ha),0-500 meters,Municipality,0-5% reduction in crop yield,41-80% increase in own production,11-20% higher income","Horizontal open space Agri-PV systems on pasture or arable land,Up to one football pitch (approx. 1ha),500-1500 meters,Landowner,41-80% reduction in crop yield,6-10% increase in own production ,0-5% higher income","","","","","","",NA,NA,NA,NA,NA,NA,NA,NA,NA,NA,NA,NA,5587,11,1,1,1
"199",1,1,80,"DE",9757,74275,"2024-05-30 11:37:20","2024-05-31 08:15:15",6,5,4,6,5,5,2,5,2,6,6,5,5,7,4,2,67,2,1,1,2,6,4,5,4,6,1,1,3,5,5,5,6,5,3,5,4,NA,NA,NA,0,1,1,"Vertikale Freiflächen Agri-PV-Anlage auf Weide- oder Ackerland,Bis zu einem Fussballfeld (ca. 1ha),1500-4500 Meter,Energiegenossenschaft (z.B. lokale Bevölkerung),21-40% Reduzierung des Ernteertrags,0-5% Erhöhung der Eigenproduktion,0-5% höheres Einkommen","Agri-PV-Anlage auf Gewächshäusern und Ersatz von Folientunneln,Bis zu 10 Fussballfelder (ca. 10ha),500-1500 Meter,Gemeinde,6-10% Reduzierung des Ernteertrags,21-40% Erhöhung der Eigenproduktion,41-80% höheres Einkommen","","","","","","",NA,NA,NA,NA,NA,NA,NA,NA,NA,NA,NA,NA,1031,13,3,1,1
"200",1,0,43,"DE",6979,1283,"2024-05-30 14:52:53","2024-05-30 15:14:16",NA,NA,NA,NA,NA,NA,5,5,4,6,4,4,4,4,4,2,35,2,1,1,3,6,3,6,NA,NA,NA,NA,NA,NA,NA,NA,NA,NA,NA,NA,NA,NA,NA,NA,1,1,1,"","","","","","","","",NA,NA,NA,NA,NA,NA,NA,NA,NA,NA,NA,NA,2556,22,5,2,1
"201",1,1,60,"DE",10430,1780,"2024-05-30 15:09:27","2024-05-30 15:39:08",NA,NA,NA,NA,NA,NA,7,2,5,7,5,7,4,6,5,4,66,2,1,1,2,7,6,6,4,7,1,1,1,NA,NA,NA,NA,NA,NA,NA,NA,NA,NA,NA,0,0,0,"","","","","","","","",NA,NA,NA,NA,NA,NA,NA,NA,NA,NA,NA,NA,193,11,1,1,1
"202",1,1,74,"DE",15884,84207,"2024-05-30 19:46:53","2024-05-31 19:10:21",NA,NA,NA,NA,NA,NA,4,4,3,6,3,5,3,3,3,3,44,2,1,1,4,5,3,5,4,4,1,1,1,3,4,3,3,3,3,3,4,NA,NA,NA,1,0,0,"","","","","","","","",NA,NA,NA,NA,NA,NA,NA,NA,NA,NA,NA,NA,2769,11,1,1,1
"203",1,1,84,"DE",7259,2747,"2024-05-31 09:07:16","2024-05-31 09:53:04",3,3,3,5,2,3,6,7,6,6,3,5,4,5,4,5,38,1,1,1,4,5,4,5,2,5,1,1,1,5,5,5,5,3,3,4,4,NA,NA,NA,0,0,0,"Horizontale Freiflächen Agri-PV-Anlage auf Weide- oder Ackerland,Bis zu einem Fussballfeld (ca. 1ha),0-500 Meter,Energiegenossenschaft (z.B. lokale Bevölkerung),41-80% Reduzierung des Ernteertrags,0-5% Erhöhung der Eigenproduktion,21-40% höheres Einkommen","Vertikale Freiflächen Agri-PV-Anlage auf Weide- oder Ackerland,Bis zu einem Fussballfeld (ca. 1ha),500-1500 Meter,Bäuerinnen und Bauern,41-80% Reduzierung des Ernteertrags,21-40% Erhöhung der Eigenproduktion,6-10% höheres Einkommen","Agri-PV-Anlage auf Gewächshäusern und Ersatz von Folientunneln,Bis zu 5 Fussballfelder (ca. 5ha),0-500 Meter,Gemeinde,0-5% Reduzierung des Ernteertrags,41-80% Erhöhung der Eigenproduktion,11-20% höheres Einkommen","Vertikale Freiflächen Agri-PV-Anlage auf Weide- oder Ackerland,Bis zu 10 Fussballfelder (ca. 10ha),0-500 Meter,Externe (nicht lokale) Investoren,21-40% Reduzierung des Ernteertrags,11-20% Erhöhung der Eigenproduktion,11-20% höheres Einkommen","Horizontale Freiflächen Agri-PV-Anlage auf Weide- oder Ackerland,Bis zu einem Fussballfeld (ca. 1ha),1500-4500 Meter,Gemeinde,21-40% Reduzierung des Ernteertrags,11-20% Erhöhung der Eigenproduktion,21-40% höheres Einkommen","Vertikale Freiflächen Agri-PV-Anlage auf Weide- oder Ackerland,Bis zu 10 Fussballfelder (ca. 10ha),0-500 Meter,Regionaler Energieversorger,21-40% Reduzierung des Ernteertrags,21-40% Erhöhung der Eigenproduktion,6-10% höheres Einkommen","","",2,4,4,1,4,4,NA,NA,NA,NA,NA,NA,2476,22,5,2,1
"204",1,1,7,"EN",735,355,"2024-05-31 09:50:04","2024-05-31 09:55:59",NA,NA,NA,NA,NA,NA,NA,NA,NA,NA,NA,NA,NA,NA,NA,NA,49,2,1,2,1,NA,NA,NA,NA,NA,NA,NA,NA,NA,NA,NA,NA,NA,NA,NA,NA,NA,NA,NA,0,0,1,"","","","","","","","",NA,NA,NA,NA,NA,NA,NA,NA,NA,NA,NA,NA,5724,11,1,1,1
"205",1,1,42,"FR",12263,567,"2024-05-31 10:53:03","2024-05-31 11:02:30",NA,NA,NA,NA,NA,NA,7,5,5,7,5,5,7,4,4,3,29,1,1,1,2,4,3,3,NA,NA,NA,NA,NA,NA,NA,NA,NA,NA,NA,NA,NA,NA,NA,NA,0,0,1,"","","","","","","","",NA,NA,NA,NA,NA,NA,NA,NA,NA,NA,NA,NA,371,12,2,1,1
"206",1,1,80,"DE",1012,3634,"2024-05-31 10:58:57","2024-05-31 11:59:31",5,5,3,4,3,4,5,7,3,7,5,5,3,4,3,1,44,1,1,1,4,6,5,2,2,6,3,3,3,6,6,6,6,5,5,5,5,NA,NA,NA,1,1,1,"Horizontale Freiflächen Agri-PV-Anlage auf Weide- oder Ackerland,Bis zu 10 Fussballfelder (ca. 10ha),0-500 Meter,Gemeinde,0-5% Reduzierung des Ernteertrags,41-80% Erhöhung der Eigenproduktion,0-5% höheres Einkommen","Vertikale Freiflächen Agri-PV-Anlage auf Weide- oder Ackerland,Bis zu einem Fussballfeld (ca. 1ha),500-1500 Meter,Bäuerinnen und Bauern,0-5% Reduzierung des Ernteertrags,0-5% Erhöhung der Eigenproduktion,21-40% höheres Einkommen","","","","","","",NA,NA,NA,NA,NA,NA,NA,NA,NA,NA,NA,NA,91,22,5,2,1
"207",1,0,51,"DE",6367,1004,"2024-05-31 11:24:41","2024-05-31 11:41:25",NA,NA,NA,NA,NA,NA,5,2,5,6,3,4,5,6,3,3,62,2,1,1,2,6,2,5,2,NA,NA,NA,NA,NA,NA,NA,NA,NA,NA,NA,NA,NA,NA,NA,1,0,0,"","","","","","","","",NA,NA,NA,NA,NA,NA,NA,NA,NA,NA,NA,NA,567,32,8,3,1
"208",1,1,14,"DE",3475,358,"2024-05-31 12:10:33","2024-05-31 12:16:31",NA,NA,NA,NA,NA,NA,NA,NA,NA,NA,NA,NA,NA,NA,NA,NA,36,1,1,1,4,7,2,5,NA,NA,NA,NA,NA,NA,NA,NA,NA,NA,NA,NA,NA,NA,NA,NA,0,1,1,"","","","","","","","",NA,NA,NA,NA,NA,NA,NA,NA,NA,NA,NA,NA,4104,21,4,2,1
"209",1,1,73,"DE",8794,781,"2024-05-31 12:17:18","2024-05-31 12:30:19",NA,NA,NA,NA,NA,NA,7,7,2,6,2,7,2,5,4,1,27,1,1,2,1,1,1,6,7,7,1,1,1,6,6,6,2,5,6,5,NA,NA,NA,NA,0,0,0,"","","","","","","","",NA,NA,NA,NA,NA,NA,NA,NA,NA,NA,NA,NA,261,11,1,1,1
"210",1,1,63,"EN",11946,812,"2024-05-31 12:26:05","2024-05-31 12:39:38",NA,NA,NA,NA,NA,NA,7,2,4,7,3,6,7,7,2,2,34,1,1,2,4,5,4,5,1,7,1,1,1,6,6,NA,NA,NA,NA,NA,NA,NA,NA,NA,1,1,1,"","","","","","","","",NA,NA,NA,NA,NA,NA,NA,NA,NA,NA,NA,NA,612,21,4,2,1
"211",1,0,63,"DE",11531,1308,"2024-05-31 12:34:29","2024-05-31 12:56:17",NA,NA,NA,NA,NA,NA,7,2,1,7,1,7,1,5,3,2,69,1,1,1,2,6,6,5,3,3,1,1,1,2,2,NA,NA,NA,NA,NA,NA,NA,NA,NA,1,1,1,"","","","","","","","",NA,NA,NA,NA,NA,NA,NA,NA,NA,NA,NA,NA,2293,21,4,2,1
"212",1,1,78,"FR",5877,1337,"2024-05-31 12:34:47","2024-05-31 12:57:04",1,4,6,1,4,6,7,4,7,2,1,4,5,6,4,4,42,2,1,1,3,7,3,7,1,2,1,1,1,4,4,3,3,1,1,1,1,NA,NA,NA,1,1,1,"","","","","","","","",NA,NA,NA,NA,NA,NA,NA,NA,NA,NA,NA,NA,5817,32,8,3,1
"213",1,0,82,"DE",2692,1154424,"2024-05-31 12:45:46","2024-06-13 21:26:11",2,2,2,1,2,2,7,5,3,6,5,4,6,3,3,2,63,2,1,1,5,5,6,2,4,3,1,1,3,4,4,4,2,2,2,3,1,NA,NA,NA,0,0,0,"Horizontale Freiflächen Agri-PV-Anlage auf Weide- oder Ackerland,Bis zu einem Fussballfeld (ca. 1ha),1500-4500 Meter,Bäuerinnen und Bauern,11-20% Reduzierung des Ernteertrags,6-10% Erhöhung der Eigenproduktion ,0-5% höheres Einkommen","Vertikale Freiflächen Agri-PV-Anlage auf Weide- oder Ackerland,Bis zu 5 Fussballfelder (ca. 5ha),500-1500 Meter,Energiegenossenschaft (z.B. lokale Bevölkerung),6-10% Reduzierung des Ernteertrags,0-5% Erhöhung der Eigenproduktion,6-10% höheres Einkommen","Vertikale Freiflächen Agri-PV-Anlage auf Weide- oder Ackerland,Bis zu einem Fussballfeld (ca. 1ha),0-500 Meter,Grundstückseigentümer,6-10% Reduzierung des Ernteertrags,41-80% Erhöhung der Eigenproduktion,0-5% höheres Einkommen","Horizontale Freiflächen Agri-PV-Anlage auf Weide- oder Ackerland,Bis zu 5 Fussballfelder (ca. 5ha),0-500 Meter,Bäuerinnen und Bauern,21-40% Reduzierung des Ernteertrags,21-40% Erhöhung der Eigenproduktion,0-5% höheres Einkommen","","","","",2,3,5,NA,NA,NA,NA,NA,NA,NA,NA,NA,1004,33,9,3,1
"214",1,1,84,"DE",3369,3126,"2024-05-31 12:54:21","2024-05-31 13:46:27",2,3,1,1,2,2,6,5,5,5,1,3,1,5,3,2,75,1,1,1,2,6,3,3,4,2,1,1,1,3,3,3,3,3,1,1,1,NA,NA,NA,0,0,0,"Vertikale Freiflächen Agri-PV-Anlage auf Weide- oder Ackerland,Bis zu einem Fussballfeld (ca. 1ha),1500-4500 Meter,Grundstückseigentümer,11-20% Reduzierung des Ernteertrags,11-20% Erhöhung der Eigenproduktion,41-80% höheres Einkommen","Agri-PV-Anlage auf Gewächshäusern und Ersatz von Folientunneln,Bis zu 5 Fussballfelder (ca. 5ha),500-1500 Meter,Energiegenossenschaft (z.B. lokale Bevölkerung),6-10% Reduzierung des Ernteertrags,41-80% Erhöhung der Eigenproduktion,0-5% höheres Einkommen","Agri-PV-Anlage auf Gewächshäusern und Ersatz von Folientunneln,Bis zu 5 Fussballfelder (ca. 5ha),0-500 Meter,Gemeinde,21-40% Reduzierung des Ernteertrags,11-20% Erhöhung der Eigenproduktion,11-20% höheres Einkommen","Agri-PV-Anlage auf Gewächshäusern und Ersatz von Folientunneln,Bis zu 10 Fussballfelder (ca. 10ha),1500-4500 Meter,Bäuerinnen und Bauern,11-20% Reduzierung des Ernteertrags,21-40% Erhöhung der Eigenproduktion,6-10% höheres Einkommen","Horizontale Freiflächen Agri-PV-Anlage auf Weide- oder Ackerland,Bis zu einem Fussballfeld (ca. 1ha),1500-4500 Meter,Bäuerinnen und Bauern,41-80% Reduzierung des Ernteertrags,41-80% Erhöhung der Eigenproduktion,21-40% höheres Einkommen","Horizontale Freiflächen Agri-PV-Anlage auf Weide- oder Ackerland,Bis zu 10 Fussballfelder (ca. 10ha),500-1500 Meter,Energiegenossenschaft (z.B. lokale Bevölkerung),21-40% Reduzierung des Ernteertrags,0-5% Erhöhung der Eigenproduktion,41-80% höheres Einkommen","","",1,3,3,2,3,3,NA,NA,NA,NA,NA,NA,1010,33,9,3,1
"215",1,0,80,"DE",3286,2220,"2024-05-31 12:59:03","2024-05-31 13:36:04",5,6,4,4,5,5,5,5,5,6,6,6,6,5,6,1,38,2,1,1,5,6,5,3,2,7,1,1,1,5,5,6,6,6,5,5,7,NA,NA,NA,1,1,0,"","","","","","","","",NA,NA,NA,NA,NA,NA,NA,NA,NA,NA,NA,NA,4726,32,8,3,1
"216",1,1,78,"DE",4628,91815,"2024-05-31 13:16:53","2024-06-01 14:47:09",5,6,3,7,6,6,5,1,5,7,5,5,3,6,3,1,30,2,1,1,3,6,1,7,5,7,3,1,1,6,6,6,6,5,3,6,5,NA,NA,NA,1,1,1,"","","","","","","","",NA,NA,NA,NA,NA,NA,NA,NA,NA,NA,NA,NA,4656,22,5,2,1
"217",1,1,78,"FR",14322,6580,"2024-05-31 13:20:21","2024-05-31 15:10:01",4,4,4,5,4,4,6,4,5,6,4,4,4,4,4,4,32,2,1,1,2,7,2,7,4,5,1,1,1,6,6,5,5,5,4,5,4,NA,NA,NA,0,0,0,"","","","","","","","",NA,NA,NA,NA,NA,NA,NA,NA,NA,NA,NA,NA,1709,12,2,1,1
"218",1,1,88,"DE",2889,1539,"2024-05-31 13:50:49","2024-05-31 14:16:29",3,2,2,3,2,2,6,6,5,6,1,2,1,6,5,3,66,1,1,1,2,5,6,2,2,3,1,1,1,4,4,4,3,2,2,2,2,NA,NA,NA,0,0,0,"Horizontale Freiflächen Agri-PV-Anlage auf Weide- oder Ackerland,Bis zu 5 Fussballfelder (ca. 5ha),0-500 Meter,Gemeinde,41-80% Reduzierung des Ernteertrags,21-40% Erhöhung der Eigenproduktion,0-5% höheres Einkommen","Agri-PV-Anlage auf Gewächshäusern und Ersatz von Folientunneln,Bis zu einem Fussballfeld (ca. 1ha),0-500 Meter,Regionaler Energieversorger,0-5% Reduzierung des Ernteertrags,21-40% Erhöhung der Eigenproduktion,6-10% höheres Einkommen","Vertikale Freiflächen Agri-PV-Anlage auf Weide- oder Ackerland,Bis zu einem Fussballfeld (ca. 1ha),500-1500 Meter,Regionaler Energieversorger,6-10% Reduzierung des Ernteertrags,11-20% Erhöhung der Eigenproduktion,0-5% höheres Einkommen","Horizontale Freiflächen Agri-PV-Anlage auf Weide- oder Ackerland,Bis zu 10 Fussballfelder (ca. 10ha),500-1500 Meter,Externe (nicht lokale) Investoren,6-10% Reduzierung des Ernteertrags,6-10% Erhöhung der Eigenproduktion ,21-40% höheres Einkommen","Agri-PV-Anlage auf Gewächshäusern und Ersatz von Folientunneln,Bis zu einem Fussballfeld (ca. 1ha),1500-4500 Meter,Grundstückseigentümer,21-40% Reduzierung des Ernteertrags,41-80% Erhöhung der Eigenproduktion,41-80% höheres Einkommen","Agri-PV-Anlage auf Gewächshäusern und Ersatz von Folientunneln,Bis zu einem Fussballfeld (ca. 1ha),1500-4500 Meter,Externe (nicht lokale) Investoren,41-80% Reduzierung des Ernteertrags,0-5% Erhöhung der Eigenproduktion,0-5% höheres Einkommen","Vertikale Freiflächen Agri-PV-Anlage auf Weide- oder Ackerland,Bis zu einem Fussballfeld (ca. 1ha),500-1500 Meter,Energiegenossenschaft (z.B. lokale Bevölkerung),41-80% Reduzierung des Ernteertrags,21-40% Erhöhung der Eigenproduktion,41-80% höheres Einkommen","Agri-PV-Anlage auf Gewächshäusern und Ersatz von Folientunneln,Bis zu 10 Fussballfelder (ca. 10ha),500-1500 Meter,Grundstückseigentümer,41-80% Reduzierung des Ernteertrags,41-80% Erhöhung der Eigenproduktion,11-20% höheres Einkommen",2,1,3,1,2,2,1,3,1,1,2,2,295,11,1,1,1
"219",1,1,25,"DE",418,451,"2024-05-31 13:56:43","2024-05-31 14:04:14",NA,NA,NA,NA,NA,NA,NA,NA,NA,NA,NA,NA,NA,NA,NA,NA,48,1,1,1,1,6,6,4,NA,NA,NA,NA,NA,NA,NA,NA,NA,NA,NA,NA,NA,NA,NA,NA,0,0,0,"","","","","","","","",NA,NA,NA,NA,NA,NA,NA,NA,NA,NA,NA,NA,4030,11,1,1,1
"220",1,1,82,"DE",11227,2010,"2024-05-31 14:17:25","2024-05-31 14:50:56",2,4,4,5,5,4,4,2,5,7,7,4,5,6,3,2,19,2,1,1,4,6,3,5,3,5,1,1,1,5,5,4,5,5,2,5,5,NA,NA,NA,0,0,0,"Vertikale Freiflächen Agri-PV-Anlage auf Weide- oder Ackerland,Bis zu 10 Fussballfelder (ca. 10ha),0-500 Meter,Energiegenossenschaft (z.B. lokale Bevölkerung),0-5% Reduzierung des Ernteertrags,21-40% Erhöhung der Eigenproduktion,21-40% höheres Einkommen","Horizontale Freiflächen Agri-PV-Anlage auf Weide- oder Ackerland,Bis zu 10 Fussballfelder (ca. 10ha),1500-4500 Meter,Externe (nicht lokale) Investoren,21-40% Reduzierung des Ernteertrags,41-80% Erhöhung der Eigenproduktion,41-80% höheres Einkommen","","","","","","",2,3,5,NA,NA,NA,NA,NA,NA,NA,NA,NA,2829,11,1,1,1
"221",1,1,7,"EN",4986,147,"2024-05-31 14:22:07","2024-05-31 14:24:35",NA,NA,NA,NA,NA,NA,NA,NA,NA,NA,NA,NA,NA,NA,NA,NA,56,1,1,2,2,NA,NA,NA,NA,NA,NA,NA,NA,NA,NA,NA,NA,NA,NA,NA,NA,NA,NA,NA,0,0,0,"","","","","","","","",NA,NA,NA,NA,NA,NA,NA,NA,NA,NA,NA,NA,261,11,1,1,1
"222",NA,0,0,"DE",8399,39,"2024-05-31 15:23:59","2024-05-31 15:24:38",NA,NA,NA,NA,NA,NA,NA,NA,NA,NA,NA,NA,NA,NA,NA,NA,NA,NA,NA,NA,NA,NA,NA,NA,NA,NA,NA,NA,NA,NA,NA,NA,NA,NA,NA,NA,NA,NA,NA,NA,0,0,0,"","","","","","","","",NA,NA,NA,NA,NA,NA,NA,NA,NA,NA,NA,NA,230,12,2,1,1
"223",1,1,43,"DE",10841,785,"2024-05-31 15:42:06","2024-05-31 15:55:11",NA,NA,NA,NA,NA,NA,3,NA,NA,NA,NA,NA,NA,NA,NA,NA,38,1,1,1,3,5,2,2,NA,NA,NA,NA,NA,NA,NA,NA,NA,NA,NA,NA,NA,NA,NA,NA,0,0,1,"","","","","","","","",NA,NA,NA,NA,NA,NA,NA,NA,NA,NA,NA,NA,1103,13,3,1,1
"224",1,0,7,"DE",8653,1321,"2024-05-31 16:16:02","2024-05-31 16:38:04",NA,NA,NA,NA,NA,NA,NA,NA,NA,NA,NA,NA,NA,NA,NA,NA,74,2,1,1,1,NA,NA,NA,NA,NA,NA,NA,NA,NA,NA,NA,NA,NA,NA,NA,NA,NA,NA,NA,0,0,0,"","","","","","","","",NA,NA,NA,NA,NA,NA,NA,NA,NA,NA,NA,NA,355,11,1,1,1
"225",1,0,62,"FR",3711,1236,"2024-05-31 16:18:29","2024-05-31 16:39:06",NA,NA,NA,NA,NA,NA,NA,NA,NA,NA,NA,NA,NA,NA,NA,NA,26,2,1,1,5,6,1,7,1,5,1,1,1,5,6,NA,NA,NA,NA,NA,NA,NA,NA,NA,0,0,0,"","","","","","","","",NA,NA,NA,NA,NA,NA,NA,NA,NA,NA,NA,NA,5591,11,1,1,1
"226",1,1,20,"DE",1166,776,"2024-05-31 16:41:41","2024-05-31 16:54:38",NA,NA,NA,NA,NA,NA,NA,NA,NA,NA,NA,NA,NA,NA,NA,NA,72,1,1,1,2,6,1,7,NA,NA,NA,NA,NA,NA,NA,NA,NA,NA,NA,NA,NA,NA,NA,NA,0,0,0,"","","","","","","","",NA,NA,NA,NA,NA,NA,NA,NA,NA,NA,NA,NA,2584,12,2,1,1
"227",NA,1,0,"DE",586,NA,"2024-05-31 17:07:14","2024-05-31 17:07:15",NA,NA,NA,NA,NA,NA,NA,NA,NA,NA,NA,NA,NA,NA,NA,NA,NA,NA,NA,NA,NA,NA,NA,NA,NA,NA,NA,NA,NA,NA,NA,NA,NA,NA,NA,NA,NA,NA,NA,NA,1,1,1,"","","","","","","","",NA,NA,NA,NA,NA,NA,NA,NA,NA,NA,NA,NA,2886,22,5,2,1
"228",1,1,80,"DE",15021,160606,"2024-05-31 17:12:15","2024-06-02 13:49:02",7,7,2,2,2,7,7,3,7,7,5,6,6,6,3,2,71,2,1,1,2,6,1,6,6,7,1,3,3,7,7,7,7,7,4,7,7,NA,NA,NA,0,1,0,"Horizontale Freiflächen Agri-PV-Anlage auf Weide- oder Ackerland,Bis zu 10 Fussballfelder (ca. 10ha),1500-4500 Meter,Grundstückseigentümer,21-40% Reduzierung des Ernteertrags,6-10% Erhöhung der Eigenproduktion ,6-10% höheres Einkommen","Agri-PV-Anlage auf Gewächshäusern und Ersatz von Folientunneln,Bis zu 10 Fussballfelder (ca. 10ha),0-500 Meter,Externe (nicht lokale) Investoren,0-5% Reduzierung des Ernteertrags,11-20% Erhöhung der Eigenproduktion,21-40% höheres Einkommen","","","","","","",NA,NA,NA,NA,NA,NA,NA,NA,NA,NA,NA,NA,3234,12,2,1,1
"229",1,1,84,"FR",8400,1397,"2024-05-31 17:18:29","2024-05-31 17:41:46",5,5,5,5,5,5,6,6,5,5,4,5,5,6,5,3,62,1,1,2,2,5,3,4,4,5,1,1,1,5,5,5,5,5,5,5,5,NA,NA,NA,0,0,0,"Surfaces libres verticales pour installations agri-PV sur des pâturages ou des terres cultivées ,Jusqu'à un terrain de football (env. 1ha),1500-4500 mètres,Paysans et paysannes,Réduction de 11-20% du rendement de la récolte,Augmentation de 41-80% de la production propre,Augmentation de 6-10% du revenu des agriculteurs","Surfaces libres horizontales pour installations agri-PV sur des pâturage ou des terres cultivées,Jusqu'à 10 terrains de football (env. 10ha),500-1500 mètres,Propriétaire du terrain,Réduction de 21-40% du rendement de la récolte,Augmentation de 11-20% de la production propre,Augmentation de 21-40% du revenu des agriculteurs","Surfaces libres verticales pour installations agri-PV sur des pâturages ou des terres cultivées ,Jusqu'à 5 terrains de football (env. 5ha),1500-4500 mètres,Fournisseur régional d'énergie,Réduction de 6-10% du rendement de la récolte,Augmentation de 41-80% de la production propre,Augmentation de 41-80% du revenu des agriculteurs","Surfaces libres horizontales pour installations agri-PV sur des pâturage ou des terres cultivées,Jusqu'à 5 terrains de football (env. 5ha),500-1500 mètres,Paysans et paysannes,Réduction de 0-5% du rendement de la récolte,Augmentation de 11-20% de la production propre,Augmentation de 0-5% du revenu des agriculteurs","Installations agri-PV sur des serres et remplacement de tunnels en plastique,Jusqu'à 10 terrains de football (env. 10ha),0-500 mètres,Investisseurs externes (non locaux),Réduction de 6-10% du rendement de la récolte,Augmentation de 6-10% de la production propre,Augmentation de 41-80% du revenu des agriculteurs","Surfaces libres verticales pour installations agri-PV sur des pâturages ou des terres cultivées ,Jusqu'à 10 terrains de football (env. 10ha),0-500 mètres,Paysans et paysannes,Réduction de 11-20% du rendement de la récolte,Augmentation de 11-20% de la production propre,Augmentation de 0-5% du revenu des agriculteurs","","",1,5,5,2,5,5,NA,NA,NA,NA,NA,NA,5591,11,1,1,1
"230",1,0,80,"DE",2175,3422,"2024-05-31 17:32:17","2024-05-31 18:29:19",5,7,3,7,4,7,6,1,6,7,5,3,5,5,4,4,36,1,1,1,4,6,2,5,5,5,1,3,3,5,5,5,5,5,4,5,4,NA,NA,NA,1,0,0,"","","","","","","","",NA,NA,NA,NA,NA,NA,NA,NA,NA,NA,NA,NA,1051,12,2,1,1
"231",1,1,85,"FR",13335,1010,"2024-05-31 17:40:07","2024-05-31 17:56:57",4,4,4,4,4,4,4,3,4,6,3,3,4,6,6,1,48,2,1,1,2,6,1,6,2,4,1,1,1,4,4,4,4,4,4,4,4,NA,NA,NA,0,0,0,"Installations agri-PV sur des serres et remplacement de tunnels en plastique,Jusqu'à un terrain de football (env. 1ha),1500-4500 mètres,Fournisseur régional d'énergie,Réduction de 11-20% du rendement de la récolte,Augmentation de 6-10% de la production propre,Augmentation de 41-80% du revenu des agriculteurs","Installations agri-PV sur des serres et remplacement de tunnels en plastique,Jusqu'à 10 terrains de football (env. 10ha),1500-4500 mètres,Fournisseur régional d'énergie,Réduction de 6-10% du rendement de la récolte,Augmentation de 41-80% de la production propre,Augmentation de 11-20% du revenu des agriculteurs","Surfaces libres horizontales pour installations agri-PV sur des pâturage ou des terres cultivées,Jusqu'à 5 terrains de football (env. 5ha),0-500 mètres,Propriétaire du terrain,Réduction de 0-5% du rendement de la récolte,Augmentation de 0-5% de la production propre,Augmentation de 41-80% du revenu des agriculteurs","Surfaces libres verticales pour installations agri-PV sur des pâturages ou des terres cultivées ,Jusqu'à 5 terrains de football (env. 5ha),500-1500 mètres,Coopérative énergétique (par ex. citoyens locaux),Réduction de 0-5% du rendement de la récolte,Augmentation de 41-80% de la production propre,Augmentation de 0-5% du revenu des agriculteurs","Installations agri-PV sur des serres et remplacement de tunnels en plastique,Jusqu'à 10 terrains de football (env. 10ha),500-1500 mètres,Paysans et paysannes,Réduction de 11-20% du rendement de la récolte,Augmentation de 21-40% de la production propre,Augmentation de 6-10% du revenu des agriculteurs","Surfaces libres horizontales pour installations agri-PV sur des pâturage ou des terres cultivées,Jusqu'à 10 terrains de football (env. 10ha),500-1500 mètres,Fournisseur régional d'énergie,Réduction de 11-20% du rendement de la récolte,Augmentation de 21-40% de la production propre,Augmentation de 41-80% du revenu des agriculteurs","Surfaces libres horizontales pour installations agri-PV sur des pâturage ou des terres cultivées,Jusqu'à 5 terrains de football (env. 5ha),500-1500 mètres,Fournisseur régional d'énergie,Réduction de 11-20% du rendement de la récolte,Augmentation de 21-40% de la production propre,Augmentation de 21-40% du revenu des agriculteurs","Surfaces libres verticales pour installations agri-PV sur des pâturages ou des terres cultivées ,Jusqu'à 10 terrains de football (env. 10ha),1500-4500 mètres,Fournisseur régional d'énergie,Réduction de 0-5% du rendement de la récolte,Augmentation de 21-40% de la production propre,Augmentation de 11-20% du revenu des agriculteurs",2,4,4,1,4,4,2,4,4,NA,NA,NA,6640,11,1,1,1
"232",NA,0,0,"DE",5891,NA,"2024-05-31 17:42:56","2024-05-31 17:42:56",NA,NA,NA,NA,NA,NA,NA,NA,NA,NA,NA,NA,NA,NA,NA,NA,NA,NA,NA,NA,NA,NA,NA,NA,NA,NA,NA,NA,NA,NA,NA,NA,NA,NA,NA,NA,NA,NA,NA,NA,0,0,0,"","","","","","","","",NA,NA,NA,NA,NA,NA,NA,NA,NA,NA,NA,NA,4260,13,3,1,1
"233",NA,0,0,"DE",8570,NA,"2024-05-31 17:45:49","2024-05-31 17:45:50",NA,NA,NA,NA,NA,NA,NA,NA,NA,NA,NA,NA,NA,NA,NA,NA,NA,NA,NA,NA,NA,NA,NA,NA,NA,NA,NA,NA,NA,NA,NA,NA,NA,NA,NA,NA,NA,NA,NA,NA,0,0,1,"","","","","","","","",NA,NA,NA,NA,NA,NA,NA,NA,NA,NA,NA,NA,2527,22,5,2,1
"234",1,0,82,"DE",7723,726,"2024-05-31 17:53:50","2024-05-31 18:05:56",5,7,5,7,7,6,7,1,1,7,5,5,6,6,1,3,55,1,1,1,3,7,1,6,5,7,1,1,1,6,6,6,7,7,7,6,6,NA,NA,NA,0,0,0,"Vertikale Freiflächen Agri-PV-Anlage auf Weide- oder Ackerland,Bis zu 5 Fussballfelder (ca. 5ha),1500-4500 Meter,Bäuerinnen und Bauern,41-80% Reduzierung des Ernteertrags,6-10% Erhöhung der Eigenproduktion ,0-5% höheres Einkommen","Agri-PV-Anlage auf Gewächshäusern und Ersatz von Folientunneln,Bis zu 5 Fussballfelder (ca. 5ha),1500-4500 Meter,Energiegenossenschaft (z.B. lokale Bevölkerung),21-40% Reduzierung des Ernteertrags,0-5% Erhöhung der Eigenproduktion,6-10% höheres Einkommen","Horizontale Freiflächen Agri-PV-Anlage auf Weide- oder Ackerland,Bis zu 5 Fussballfelder (ca. 5ha),1500-4500 Meter,Regionaler Energieversorger,21-40% Reduzierung des Ernteertrags,41-80% Erhöhung der Eigenproduktion,0-5% höheres Einkommen","Agri-PV-Anlage auf Gewächshäusern und Ersatz von Folientunneln,Bis zu einem Fussballfeld (ca. 1ha),0-500 Meter,Bäuerinnen und Bauern,0-5% Reduzierung des Ernteertrags,21-40% Erhöhung der Eigenproduktion,41-80% höheres Einkommen","","","","",1,3,6,NA,NA,NA,NA,NA,NA,NA,NA,NA,2701,11,1,1,1
"235",1,1,43,"DE",12052,1913,"2024-05-31 18:09:27","2024-05-31 18:41:21",NA,NA,NA,NA,NA,NA,6,6,5,6,5,5,3,5,4,3,44,1,1,1,3,4,4,3,NA,NA,NA,NA,NA,NA,NA,NA,NA,NA,NA,NA,NA,NA,NA,NA,0,1,0,"","","","","","","","",NA,NA,NA,NA,NA,NA,NA,NA,NA,NA,NA,NA,1372,13,3,1,1
"236",1,1,7,"FR",5430,1116,"2024-05-31 18:31:06","2024-05-31 18:49:43",NA,NA,NA,NA,NA,NA,NA,NA,NA,NA,NA,NA,NA,NA,NA,NA,61,2,1,1,1,NA,NA,NA,NA,NA,NA,NA,NA,NA,NA,NA,NA,NA,NA,NA,NA,NA,NA,NA,1,1,0,"","","","","","","","",NA,NA,NA,NA,NA,NA,NA,NA,NA,NA,NA,NA,6778,33,9,3,1
"237",1,0,88,"DE",14097,1991,"2024-05-31 18:35:45","2024-05-31 19:08:57",4,4,4,4,4,4,6,6,5,6,6,5,2,2,4,2,33,2,1,2,2,7,5,5,5,5,1,1,1,5,5,5,4,3,4,3,5,NA,NA,NA,1,1,1,"Horizontale Freiflächen Agri-PV-Anlage auf Weide- oder Ackerland,Bis zu 5 Fussballfelder (ca. 5ha),500-1500 Meter,Externe (nicht lokale) Investoren,41-80% Reduzierung des Ernteertrags,21-40% Erhöhung der Eigenproduktion,11-20% höheres Einkommen","Horizontale Freiflächen Agri-PV-Anlage auf Weide- oder Ackerland,Bis zu einem Fussballfeld (ca. 1ha),1500-4500 Meter,Grundstückseigentümer,6-10% Reduzierung des Ernteertrags,0-5% Erhöhung der Eigenproduktion,21-40% höheres Einkommen","Agri-PV-Anlage auf Gewächshäusern und Ersatz von Folientunneln,Bis zu einem Fussballfeld (ca. 1ha),500-1500 Meter,Energiegenossenschaft (z.B. lokale Bevölkerung),11-20% Reduzierung des Ernteertrags,0-5% Erhöhung der Eigenproduktion,0-5% höheres Einkommen","Horizontale Freiflächen Agri-PV-Anlage auf Weide- oder Ackerland,Bis zu 5 Fussballfelder (ca. 5ha),1500-4500 Meter,Bäuerinnen und Bauern,41-80% Reduzierung des Ernteertrags,41-80% Erhöhung der Eigenproduktion,41-80% höheres Einkommen","Agri-PV-Anlage auf Gewächshäusern und Ersatz von Folientunneln,Bis zu 10 Fussballfelder (ca. 10ha),1500-4500 Meter,Grundstückseigentümer,21-40% Reduzierung des Ernteertrags,11-20% Erhöhung der Eigenproduktion,6-10% höheres Einkommen","Vertikale Freiflächen Agri-PV-Anlage auf Weide- oder Ackerland,Bis zu einem Fussballfeld (ca. 1ha),500-1500 Meter,Externe (nicht lokale) Investoren,11-20% Reduzierung des Ernteertrags,11-20% Erhöhung der Eigenproduktion,6-10% höheres Einkommen","Agri-PV-Anlage auf Gewächshäusern und Ersatz von Folientunneln,Bis zu einem Fussballfeld (ca. 1ha),500-1500 Meter,Regionaler Energieversorger,41-80% Reduzierung des Ernteertrags,0-5% Erhöhung der Eigenproduktion,41-80% höheres Einkommen","Agri-PV-Anlage auf Gewächshäusern und Ersatz von Folientunneln,Bis zu einem Fussballfeld (ca. 1ha),1500-4500 Meter,Grundstückseigentümer,6-10% Reduzierung des Ernteertrags,21-40% Erhöhung der Eigenproduktion,11-20% höheres Einkommen",2,4,4,2,4,4,2,4,4,2,4,4,4240,22,5,2,1
"238",1,0,80,"FR",15792,6638,"2024-05-31 18:39:39","2024-05-31 20:30:17",4,4,2,3,5,5,5,4,4,4,2,NA,NA,NA,NA,NA,33,1,1,1,1,4,5,5,3,4,3,3,3,4,3,4,4,4,4,6,6,NA,NA,NA,0,0,0,"Surfaces libres verticales pour installations agri-PV sur des pâturages ou des terres cultivées ,Jusqu'à un terrain de football (env. 1ha),1500-4500 mètres,Fournisseur régional d'énergie,Réduction de 0-5% du rendement de la récolte,Augmentation de 6-10% de la production propre,Augmentation de 21-40% du revenu des agriculteurs","Installations agri-PV sur des serres et remplacement de tunnels en plastique,Jusqu'à 10 terrains de football (env. 10ha),0-500 mètres,Fournisseur régional d'énergie,Réduction de 21-40% du rendement de la récolte,Augmentation de 41-80% de la production propre,Augmentation de 0-5% du revenu des agriculteurs","","","","","","",NA,NA,NA,NA,NA,NA,NA,NA,NA,NA,NA,NA,6621,11,1,1,1
"239",1,1,70,"DE",2158,1455,"2024-05-31 18:41:21","2024-05-31 19:05:36",NA,NA,NA,NA,NA,NA,1,5,1,5,2,1,1,5,2,2,62,1,1,1,4,4,5,3,1,4,1,1,1,4,6,4,4,4,4,4,NA,NA,NA,NA,0,0,0,"","","","","","","","",NA,NA,NA,NA,NA,NA,NA,NA,NA,NA,NA,NA,3237,12,2,1,1
"240",NA,1,0,"EN",156,22,"2024-05-31 19:08:38","2024-05-31 19:09:01",NA,NA,NA,NA,NA,NA,NA,NA,NA,NA,NA,NA,NA,NA,NA,NA,NA,NA,NA,NA,NA,NA,NA,NA,NA,NA,NA,NA,NA,NA,NA,NA,NA,NA,NA,NA,NA,NA,NA,NA,0,1,1,"","","","","","","","",NA,NA,NA,NA,NA,NA,NA,NA,NA,NA,NA,NA,4082,13,3,1,1
"241",1,0,82,"DE",12040,988,"2024-05-31 19:08:58","2024-05-31 19:25:26",4,4,4,4,4,4,5,5,3,5,4,4,5,4,3,5,19,1,1,1,4,3,4,5,1,6,1,1,1,5,5,5,5,4,4,4,4,NA,NA,NA,0,1,1,"Horizontale Freiflächen Agri-PV-Anlage auf Weide- oder Ackerland,Bis zu 5 Fussballfelder (ca. 5ha),1500-4500 Meter,Grundstückseigentümer,41-80% Reduzierung des Ernteertrags,41-80% Erhöhung der Eigenproduktion,41-80% höheres Einkommen","Agri-PV-Anlage auf Gewächshäusern und Ersatz von Folientunneln,Bis zu einem Fussballfeld (ca. 1ha),1500-4500 Meter,Regionaler Energieversorger,41-80% Reduzierung des Ernteertrags,6-10% Erhöhung der Eigenproduktion ,21-40% höheres Einkommen","","","","","","",1,4,4,NA,NA,NA,NA,NA,NA,NA,NA,NA,2275,13,3,1,1
"242",1,1,25,"FR",3020,3094,"2024-05-31 19:10:58","2024-05-31 20:02:32",NA,NA,NA,NA,NA,NA,NA,NA,NA,NA,NA,NA,NA,NA,NA,NA,47,2,1,1,5,7,1,7,NA,NA,NA,NA,NA,NA,NA,NA,NA,NA,NA,NA,NA,NA,NA,NA,0,0,0,"","","","","","","","",NA,NA,NA,NA,NA,NA,NA,NA,NA,NA,NA,NA,6643,11,1,1,1
"243",NA,1,0,"DE",5245,NA,"2024-05-31 19:22:58","2024-05-31 19:22:58",NA,NA,NA,NA,NA,NA,NA,NA,NA,NA,NA,NA,NA,NA,NA,NA,NA,NA,NA,NA,NA,NA,NA,NA,NA,NA,NA,NA,NA,NA,NA,NA,NA,NA,NA,NA,NA,NA,NA,NA,1,1,0,"","","","","","","","",NA,NA,NA,NA,NA,NA,NA,NA,NA,NA,NA,NA,4283,21,4,2,1
"244",1,1,57,"DE",15077,2585,"2024-05-31 19:28:43","2024-05-31 20:11:49",NA,NA,NA,NA,NA,NA,7,3,7,7,7,4,7,1,4,1,53,1,1,1,2,7,4,5,2,7,NA,NA,NA,NA,NA,NA,NA,NA,NA,NA,NA,NA,NA,NA,0,0,0,"","","","","","","","",NA,NA,NA,NA,NA,NA,NA,NA,NA,NA,NA,NA,1059,12,2,1,1
"245",1,1,14,"DE",8132,154,"2024-05-31 19:49:40","2024-05-31 19:52:15",NA,NA,NA,NA,NA,NA,NA,NA,NA,NA,NA,NA,NA,NA,NA,NA,26,1,1,1,1,5,2,5,NA,NA,NA,NA,NA,NA,NA,NA,NA,NA,NA,NA,NA,NA,NA,NA,1,1,1,"","","","","","","","",NA,NA,NA,NA,NA,NA,NA,NA,NA,NA,NA,NA,855,22,5,2,1
"246",1,0,74,"FR",5483,3824,"2024-05-31 20:19:36","2024-05-31 21:23:20",NA,NA,NA,NA,NA,NA,7,7,6,6,6,6,2,2,NA,NA,33,2,1,2,4,7,1,1,7,7,1,1,1,5,1,5,5,5,5,3,1,NA,NA,NA,0,0,0,"","","","","","","","",NA,NA,NA,NA,NA,NA,NA,NA,NA,NA,NA,NA,6621,11,1,1,1
"247",NA,1,0,"EN",7172,NA,"2024-05-31 20:29:39","2024-05-31 20:29:40",NA,NA,NA,NA,NA,NA,NA,NA,NA,NA,NA,NA,NA,NA,NA,NA,NA,NA,NA,NA,NA,NA,NA,NA,NA,NA,NA,NA,NA,NA,NA,NA,NA,NA,NA,NA,NA,NA,NA,NA,0,0,0,"","","","","","","","",NA,NA,NA,NA,NA,NA,NA,NA,NA,NA,NA,NA,261,11,1,1,1
"248",1,0,80,"DE",551,525404,"2024-05-31 20:29:48","2024-06-06 22:26:33",1,2,2,2,2,2,5,3,6,5,2,3,2,5,5,3,42,1,1,1,2,6,6,4,4,2,1,1,3,1,1,1,1,1,1,1,1,NA,NA,NA,1,1,1,"Agri-PV-Anlage auf Gewächshäusern und Ersatz von Folientunneln,Bis zu einem Fussballfeld (ca. 1ha),1500-4500 Meter,Bäuerinnen und Bauern,11-20% Reduzierung des Ernteertrags,11-20% Erhöhung der Eigenproduktion,6-10% höheres Einkommen","Agri-PV-Anlage auf Gewächshäusern und Ersatz von Folientunneln,Bis zu 10 Fussballfelder (ca. 10ha),1500-4500 Meter,Externe (nicht lokale) Investoren,0-5% Reduzierung des Ernteertrags,21-40% Erhöhung der Eigenproduktion,6-10% höheres Einkommen","","","","","","",NA,NA,NA,NA,NA,NA,NA,NA,NA,NA,NA,NA,90,11,1,1,1
"249",1,1,89,"DE",13446,143254,"2024-05-31 20:37:01","2024-06-02 12:24:36",3,4,4,4,4,4,6,5,4,7,3,2,7,7,4,2,17,2,1,1,5,7,3,6,1,4,1,3,3,4,5,4,3,3,2,4,4,NA,NA,NA,1,1,0,"Horizontale Freiflächen Agri-PV-Anlage auf Weide- oder Ackerland,Bis zu einem Fussballfeld (ca. 1ha),1500-4500 Meter,Grundstückseigentümer,0-5% Reduzierung des Ernteertrags,21-40% Erhöhung der Eigenproduktion,21-40% höheres Einkommen","Horizontale Freiflächen Agri-PV-Anlage auf Weide- oder Ackerland,Bis zu 5 Fussballfelder (ca. 5ha),500-1500 Meter,Externe (nicht lokale) Investoren,21-40% Reduzierung des Ernteertrags,6-10% Erhöhung der Eigenproduktion ,21-40% höheres Einkommen","Horizontale Freiflächen Agri-PV-Anlage auf Weide- oder Ackerland,Bis zu 10 Fussballfelder (ca. 10ha),0-500 Meter,Gemeinde,6-10% Reduzierung des Ernteertrags,6-10% Erhöhung der Eigenproduktion ,6-10% höheres Einkommen","Vertikale Freiflächen Agri-PV-Anlage auf Weide- oder Ackerland,Bis zu 10 Fussballfelder (ca. 10ha),1500-4500 Meter,Energiegenossenschaft (z.B. lokale Bevölkerung),41-80% Reduzierung des Ernteertrags,41-80% Erhöhung der Eigenproduktion,0-5% höheres Einkommen","Vertikale Freiflächen Agri-PV-Anlage auf Weide- oder Ackerland,Bis zu einem Fussballfeld (ca. 1ha),0-500 Meter,Gemeinde,21-40% Reduzierung des Ernteertrags,21-40% Erhöhung der Eigenproduktion,41-80% höheres Einkommen","Vertikale Freiflächen Agri-PV-Anlage auf Weide- oder Ackerland,Bis zu 10 Fussballfelder (ca. 10ha),500-1500 Meter,Bäuerinnen und Bauern,11-20% Reduzierung des Ernteertrags,11-20% Erhöhung der Eigenproduktion,6-10% höheres Einkommen","Agri-PV-Anlage auf Gewächshäusern und Ersatz von Folientunneln,Bis zu 5 Fussballfelder (ca. 5ha),1500-4500 Meter,Externe (nicht lokale) Investoren,0-5% Reduzierung des Ernteertrags,21-40% Erhöhung der Eigenproduktion,41-80% höheres Einkommen","Agri-PV-Anlage auf Gewächshäusern und Ersatz von Folientunneln,Bis zu 5 Fussballfelder (ca. 5ha),1500-4500 Meter,Energiegenossenschaft (z.B. lokale Bevölkerung),0-5% Reduzierung des Ernteertrags,41-80% Erhöhung der Eigenproduktion,0-5% höheres Einkommen",1,4,5,2,3,4,1,4,5,1,4,4,4401,12,2,1,1
"250",1,1,7,"FR",16326,443,"2024-05-31 20:48:36","2024-05-31 20:55:59",NA,NA,NA,NA,NA,NA,NA,NA,NA,NA,NA,NA,NA,NA,NA,NA,60,1,1,2,2,NA,NA,NA,NA,NA,NA,NA,NA,NA,NA,NA,NA,NA,NA,NA,NA,NA,NA,NA,0,0,0,"","","","","","","","",NA,NA,NA,NA,NA,NA,NA,NA,NA,NA,NA,NA,2772,11,1,1,1
"251",1,0,63,"DE",14577,1268,"2024-05-31 20:52:40","2024-05-31 21:13:48",NA,NA,NA,NA,NA,NA,5,2,2,6,6,5,5,4,4,2,38,2,1,1,4,5,6,3,3,5,1,3,3,6,5,NA,NA,NA,NA,NA,NA,NA,NA,NA,0,0,0,"","","","","","","","",NA,NA,NA,NA,NA,NA,NA,NA,NA,NA,NA,NA,230,12,2,1,1
"252",1,1,88,"DE",8472,1055,"2024-05-31 21:08:38","2024-05-31 21:26:14",5,4,3,4,3,4,3,NA,NA,NA,NA,NA,NA,NA,NA,NA,18,1,1,2,1,3,4,3,5,5,3,1,1,4,4,5,5,5,5,2,5,NA,NA,NA,0,0,0,"Agri-PV-Anlage auf Gewächshäusern und Ersatz von Folientunneln,Bis zu einem Fussballfeld (ca. 1ha),0-500 Meter,Bäuerinnen und Bauern,11-20% Reduzierung des Ernteertrags,41-80% Erhöhung der Eigenproduktion,0-5% höheres Einkommen","Horizontale Freiflächen Agri-PV-Anlage auf Weide- oder Ackerland,Bis zu einem Fussballfeld (ca. 1ha),1500-4500 Meter,Bäuerinnen und Bauern,6-10% Reduzierung des Ernteertrags,6-10% Erhöhung der Eigenproduktion ,6-10% höheres Einkommen","Vertikale Freiflächen Agri-PV-Anlage auf Weide- oder Ackerland,Bis zu 5 Fussballfelder (ca. 5ha),0-500 Meter,Gemeinde,0-5% Reduzierung des Ernteertrags,41-80% Erhöhung der Eigenproduktion,0-5% höheres Einkommen","Horizontale Freiflächen Agri-PV-Anlage auf Weide- oder Ackerland,Bis zu 5 Fussballfelder (ca. 5ha),0-500 Meter,Energiegenossenschaft (z.B. lokale Bevölkerung),0-5% Reduzierung des Ernteertrags,6-10% Erhöhung der Eigenproduktion ,0-5% höheres Einkommen","Agri-PV-Anlage auf Gewächshäusern und Ersatz von Folientunneln,Bis zu 10 Fussballfelder (ca. 10ha),500-1500 Meter,Externe (nicht lokale) Investoren,11-20% Reduzierung des Ernteertrags,41-80% Erhöhung der Eigenproduktion,21-40% höheres Einkommen","Horizontale Freiflächen Agri-PV-Anlage auf Weide- oder Ackerland,Bis zu 10 Fussballfelder (ca. 10ha),500-1500 Meter,Bäuerinnen und Bauern,21-40% Reduzierung des Ernteertrags,0-5% Erhöhung der Eigenproduktion,6-10% höheres Einkommen","Vertikale Freiflächen Agri-PV-Anlage auf Weide- oder Ackerland,Bis zu 10 Fussballfelder (ca. 10ha),1500-4500 Meter,Regionaler Energieversorger,11-20% Reduzierung des Ernteertrags,11-20% Erhöhung der Eigenproduktion,6-10% höheres Einkommen","Horizontale Freiflächen Agri-PV-Anlage auf Weide- oder Ackerland,Bis zu 10 Fussballfelder (ca. 10ha),1500-4500 Meter,Regionaler Energieversorger,0-5% Reduzierung des Ernteertrags,0-5% Erhöhung der Eigenproduktion,21-40% höheres Einkommen",1,4,5,2,4,3,2,3,3,2,1,4,3340,13,3,1,1
"253",1,1,40,"DE",5670,60356,"2024-05-31 21:08:41","2024-06-01 13:54:38",NA,NA,NA,NA,NA,NA,6,NA,NA,NA,NA,NA,NA,NA,NA,NA,57,99,1,1,1,6,2,6,NA,NA,NA,NA,NA,NA,NA,NA,NA,NA,NA,NA,NA,NA,NA,NA,1,0,0,"","","","","","","","",NA,NA,NA,NA,NA,NA,NA,NA,NA,NA,NA,NA,2771,11,1,1,1
"254",1,0,38,"DE",429,680,"2024-05-31 22:04:58","2024-05-31 22:16:18",NA,NA,NA,NA,NA,NA,7,NA,NA,NA,NA,NA,NA,NA,NA,NA,40,1,1,2,5,6,6,4,NA,NA,NA,NA,NA,NA,NA,NA,NA,NA,NA,NA,NA,NA,NA,NA,0,0,0,"","","","","","","","",NA,NA,NA,NA,NA,NA,NA,NA,NA,NA,NA,NA,4045,12,2,1,1
"255",1,0,7,"FR",13986,391979,"2024-05-31 22:32:08","2024-06-05 11:25:07",NA,NA,NA,NA,NA,NA,NA,NA,NA,NA,NA,NA,NA,NA,NA,NA,33,1,1,2,5,NA,NA,NA,NA,NA,NA,NA,NA,NA,NA,NA,NA,NA,NA,NA,NA,NA,NA,NA,0,0,0,"","","","","","","","",NA,NA,NA,NA,NA,NA,NA,NA,NA,NA,NA,NA,6621,11,1,1,1
"256",1,1,14,"DE",1916,247,"2024-06-01 07:26:08","2024-06-01 07:30:16",NA,NA,NA,NA,NA,NA,NA,NA,NA,NA,NA,NA,NA,NA,NA,NA,34,1,1,2,2,6,2,5,NA,NA,NA,NA,NA,NA,NA,NA,NA,NA,NA,NA,NA,NA,NA,NA,0,0,1,"","","","","","","","",NA,NA,NA,NA,NA,NA,NA,NA,NA,NA,NA,NA,2196,12,2,1,1
"257",1,1,43,"DE",10565,944,"2024-06-01 08:10:42","2024-06-01 08:26:27",NA,NA,NA,NA,NA,NA,7,1,5,7,7,7,6,7,5,2,36,2,1,1,3,7,2,6,NA,NA,NA,NA,NA,NA,NA,NA,NA,NA,NA,NA,NA,NA,NA,NA,0,0,0,"","","","","","","","",NA,NA,NA,NA,NA,NA,NA,NA,NA,NA,NA,NA,161,11,1,1,1
"258",1,1,85,"FR",5075,2029,"2024-06-01 09:07:54","2024-06-01 09:41:44",3,4,5,5,6,4,3,1,3,7,5,5,7,6,6,1,62,2,1,1,2,7,1,6,3,5,1,1,1,6,6,6,5,3,2,4,5,NA,NA,NA,0,0,0,"Surfaces libres horizontales pour installations agri-PV sur des pâturage ou des terres cultivées,Jusqu'à 5 terrains de football (env. 5ha),1500-4500 mètres,Commune,Réduction de 21-40% du rendement de la récolte,Augmentation de 21-40% de la production propre,Augmentation de 6-10% du revenu des agriculteurs","Installations agri-PV sur des serres et remplacement de tunnels en plastique,Jusqu'à un terrain de football (env. 1ha),0-500 mètres,Coopérative énergétique (par ex. citoyens locaux),Réduction de 0-5% du rendement de la récolte,Augmentation de 0-5% de la production propre,Augmentation de 0-5% du revenu des agriculteurs","Surfaces libres verticales pour installations agri-PV sur des pâturages ou des terres cultivées ,Jusqu'à un terrain de football (env. 1ha),0-500 mètres,Coopérative énergétique (par ex. citoyens locaux),Réduction de 41-80% du rendement de la récolte,Augmentation de 6-10% de la production propre,Augmentation de 11-20% du revenu des agriculteurs","Surfaces libres horizontales pour installations agri-PV sur des pâturage ou des terres cultivées,Jusqu'à 5 terrains de football (env. 5ha),500-1500 mètres,Propriétaire du terrain,Réduction de 21-40% du rendement de la récolte,Augmentation de 11-20% de la production propre,Augmentation de 11-20% du revenu des agriculteurs","Installations agri-PV sur des serres et remplacement de tunnels en plastique,Jusqu'à un terrain de football (env. 1ha),500-1500 mètres,Propriétaire du terrain,Réduction de 6-10% du rendement de la récolte,Augmentation de 11-20% de la production propre,Augmentation de 21-40% du revenu des agriculteurs","Installations agri-PV sur des serres et remplacement de tunnels en plastique,Jusqu'à 5 terrains de football (env. 5ha),500-1500 mètres,Investisseurs externes (non locaux),Réduction de 11-20% du rendement de la récolte,Augmentation de 21-40% de la production propre,Augmentation de 11-20% du revenu des agriculteurs","Installations agri-PV sur des serres et remplacement de tunnels en plastique,Jusqu'à 10 terrains de football (env. 10ha),500-1500 mètres,Fournisseur régional d'énergie,Réduction de 0-5% du rendement de la récolte,Augmentation de 21-40% de la production propre,Augmentation de 21-40% du revenu des agriculteurs","Surfaces libres horizontales pour installations agri-PV sur des pâturage ou des terres cultivées,Jusqu'à un terrain de football (env. 1ha),0-500 mètres,Investisseurs externes (non locaux),Réduction de 21-40% du rendement de la récolte,Augmentation de 11-20% de la production propre,Augmentation de 21-40% du revenu des agriculteurs",1,5,5,2,3,5,2,3,5,NA,NA,NA,6754,31,7,3,1
"259",NA,1,0,"DE",8582,NA,"2024-06-01 10:01:05","2024-06-01 10:01:05",NA,NA,NA,NA,NA,NA,NA,NA,NA,NA,NA,NA,NA,NA,NA,NA,NA,NA,NA,NA,NA,NA,NA,NA,NA,NA,NA,NA,NA,NA,NA,NA,NA,NA,NA,NA,NA,NA,NA,NA,0,0,0,"","","","","","","","",NA,NA,NA,NA,NA,NA,NA,NA,NA,NA,NA,NA,4003,12,2,1,1
"260",1,1,69,"FR",12157,388489,"2024-06-01 10:30:43","2024-06-05 22:25:33",NA,NA,NA,NA,NA,NA,5,4,5,6,5,4,7,6,4,3,34,1,1,2,3,5,4,4,1,4,1,3,3,4,4,4,NA,NA,NA,NA,NA,NA,NA,NA,1,0,0,"","","","","","","","",NA,NA,NA,NA,NA,NA,NA,NA,NA,NA,NA,NA,2124,22,5,2,1
"261",1,1,43,"DE",7048,756,"2024-06-01 10:36:43","2024-06-01 10:49:20",NA,NA,NA,NA,NA,NA,7,4,5,7,7,4,5,4,2,4,39,1,1,1,2,6,6,3,NA,NA,NA,NA,NA,NA,NA,NA,NA,NA,NA,NA,NA,NA,NA,NA,0,0,1,"","","","","","","","",NA,NA,NA,NA,NA,NA,NA,NA,NA,NA,NA,NA,4083,11,1,1,1
"262",1,0,7,"FR",9799,498,"2024-06-01 10:48:43","2024-06-01 10:57:02",NA,NA,NA,NA,NA,NA,NA,NA,NA,NA,NA,NA,NA,NA,NA,NA,37,2,1,1,3,NA,NA,NA,NA,NA,NA,NA,NA,NA,NA,NA,NA,NA,NA,NA,NA,NA,NA,NA,0,0,0,"","","","","","","","",NA,NA,NA,NA,NA,NA,NA,NA,NA,NA,NA,NA,6643,11,1,1,1
"263",1,0,100,"DE",7080,1245,"2024-06-01 10:52:38","2024-06-01 11:13:25",7,7,7,7,7,7,6,2,6,6,7,7,7,7,6,2,52,2,1,1,4,5,2,6,4,7,1,1,3,7,7,7,7,7,7,7,7,2,5,5,0,0,0,"Agri-PV-Anlage auf Gewächshäusern und Ersatz von Folientunneln,Bis zu einem Fussballfeld (ca. 1ha),0-500 Meter,Grundstückseigentümer,6-10% Reduzierung des Ernteertrags,6-10% Erhöhung der Eigenproduktion ,21-40% höheres Einkommen","Agri-PV-Anlage auf Gewächshäusern und Ersatz von Folientunneln,Bis zu 5 Fussballfelder (ca. 5ha),1500-4500 Meter,Externe (nicht lokale) Investoren,41-80% Reduzierung des Ernteertrags,11-20% Erhöhung der Eigenproduktion,11-20% höheres Einkommen","Vertikale Freiflächen Agri-PV-Anlage auf Weide- oder Ackerland,Bis zu 5 Fussballfelder (ca. 5ha),500-1500 Meter,Externe (nicht lokale) Investoren,21-40% Reduzierung des Ernteertrags,6-10% Erhöhung der Eigenproduktion ,11-20% höheres Einkommen","Vertikale Freiflächen Agri-PV-Anlage auf Weide- oder Ackerland,Bis zu einem Fussballfeld (ca. 1ha),1500-4500 Meter,Externe (nicht lokale) Investoren,11-20% Reduzierung des Ernteertrags,41-80% Erhöhung der Eigenproduktion,21-40% höheres Einkommen","Agri-PV-Anlage auf Gewächshäusern und Ersatz von Folientunneln,Bis zu 5 Fussballfelder (ca. 5ha),0-500 Meter,Bäuerinnen und Bauern,41-80% Reduzierung des Ernteertrags,0-5% Erhöhung der Eigenproduktion,11-20% höheres Einkommen","Vertikale Freiflächen Agri-PV-Anlage auf Weide- oder Ackerland,Bis zu 5 Fussballfelder (ca. 5ha),500-1500 Meter,Grundstückseigentümer,6-10% Reduzierung des Ernteertrags,6-10% Erhöhung der Eigenproduktion ,41-80% höheres Einkommen","Agri-PV-Anlage auf Gewächshäusern und Ersatz von Folientunneln,Bis zu 10 Fussballfelder (ca. 10ha),500-1500 Meter,Grundstückseigentümer,0-5% Reduzierung des Ernteertrags,11-20% Erhöhung der Eigenproduktion,6-10% höheres Einkommen","Agri-PV-Anlage auf Gewächshäusern und Ersatz von Folientunneln,Bis zu 5 Fussballfelder (ca. 5ha),500-1500 Meter,Energiegenossenschaft (z.B. lokale Bevölkerung),21-40% Reduzierung des Ernteertrags,11-20% Erhöhung der Eigenproduktion,21-40% höheres Einkommen",2,7,7,2,7,7,2,7,7,2,7,7,351,11,1,1,1
"264",1,1,88,"DE",1250,1880,"2024-06-01 10:53:54","2024-06-01 11:25:14",4,4,4,4,5,4,6,6,6,5,3,3,5,5,5,5,58,1,1,1,4,6,4,3,4,5,1,1,1,4,4,4,4,3,3,4,4,NA,NA,NA,0,1,1,"Vertikale Freiflächen Agri-PV-Anlage auf Weide- oder Ackerland,Bis zu einem Fussballfeld (ca. 1ha),0-500 Meter,Gemeinde,21-40% Reduzierung des Ernteertrags,41-80% Erhöhung der Eigenproduktion,0-5% höheres Einkommen","Horizontale Freiflächen Agri-PV-Anlage auf Weide- oder Ackerland,Bis zu 10 Fussballfelder (ca. 10ha),0-500 Meter,Bäuerinnen und Bauern,0-5% Reduzierung des Ernteertrags,11-20% Erhöhung der Eigenproduktion,0-5% höheres Einkommen","Horizontale Freiflächen Agri-PV-Anlage auf Weide- oder Ackerland,Bis zu einem Fussballfeld (ca. 1ha),500-1500 Meter,Grundstückseigentümer,11-20% Reduzierung des Ernteertrags,41-80% Erhöhung der Eigenproduktion,6-10% höheres Einkommen","Horizontale Freiflächen Agri-PV-Anlage auf Weide- oder Ackerland,Bis zu einem Fussballfeld (ca. 1ha),500-1500 Meter,Grundstückseigentümer,6-10% Reduzierung des Ernteertrags,21-40% Erhöhung der Eigenproduktion,6-10% höheres Einkommen","Agri-PV-Anlage auf Gewächshäusern und Ersatz von Folientunneln,Bis zu 5 Fussballfelder (ca. 5ha),0-500 Meter,Gemeinde,21-40% Reduzierung des Ernteertrags,21-40% Erhöhung der Eigenproduktion,21-40% höheres Einkommen","Agri-PV-Anlage auf Gewächshäusern und Ersatz von Folientunneln,Bis zu einem Fussballfeld (ca. 1ha),500-1500 Meter,Energiegenossenschaft (z.B. lokale Bevölkerung),21-40% Reduzierung des Ernteertrags,21-40% Erhöhung der Eigenproduktion,11-20% höheres Einkommen","Agri-PV-Anlage auf Gewächshäusern und Ersatz von Folientunneln,Bis zu 10 Fussballfelder (ca. 10ha),0-500 Meter,Gemeinde,11-20% Reduzierung des Ernteertrags,0-5% Erhöhung der Eigenproduktion,21-40% höheres Einkommen","Vertikale Freiflächen Agri-PV-Anlage auf Weide- oder Ackerland,Bis zu einem Fussballfeld (ca. 1ha),1500-4500 Meter,Bäuerinnen und Bauern,21-40% Reduzierung des Ernteertrags,11-20% Erhöhung der Eigenproduktion,41-80% höheres Einkommen",2,4,4,1,4,4,1,4,4,2,4,4,4080,13,3,1,1
"265",1,1,89,"DE",2957,7533,"2024-06-01 11:00:10","2024-06-01 13:05:44",6,6,6,6,5,6,5,6,2,6,6,6,2,5,2,2,74,1,1,1,2,5,5,5,6,7,1,1,1,5,5,6,6,6,5,6,6,NA,NA,NA,1,0,1,"Vertikale Freiflächen Agri-PV-Anlage auf Weide- oder Ackerland,Bis zu einem Fussballfeld (ca. 1ha),0-500 Meter,Energiegenossenschaft (z.B. lokale Bevölkerung),21-40% Reduzierung des Ernteertrags,41-80% Erhöhung der Eigenproduktion,11-20% höheres Einkommen","Agri-PV-Anlage auf Gewächshäusern und Ersatz von Folientunneln,Bis zu einem Fussballfeld (ca. 1ha),1500-4500 Meter,Grundstückseigentümer,21-40% Reduzierung des Ernteertrags,11-20% Erhöhung der Eigenproduktion,41-80% höheres Einkommen","Horizontale Freiflächen Agri-PV-Anlage auf Weide- oder Ackerland,Bis zu 5 Fussballfelder (ca. 5ha),0-500 Meter,Bäuerinnen und Bauern,41-80% Reduzierung des Ernteertrags,0-5% Erhöhung der Eigenproduktion,41-80% höheres Einkommen","Horizontale Freiflächen Agri-PV-Anlage auf Weide- oder Ackerland,Bis zu einem Fussballfeld (ca. 1ha),1500-4500 Meter,Regionaler Energieversorger,21-40% Reduzierung des Ernteertrags,11-20% Erhöhung der Eigenproduktion,21-40% höheres Einkommen","Vertikale Freiflächen Agri-PV-Anlage auf Weide- oder Ackerland,Bis zu 5 Fussballfelder (ca. 5ha),0-500 Meter,Regionaler Energieversorger,6-10% Reduzierung des Ernteertrags,0-5% Erhöhung der Eigenproduktion,41-80% höheres Einkommen","Agri-PV-Anlage auf Gewächshäusern und Ersatz von Folientunneln,Bis zu einem Fussballfeld (ca. 1ha),0-500 Meter,Bäuerinnen und Bauern,0-5% Reduzierung des Ernteertrags,0-5% Erhöhung der Eigenproduktion,21-40% höheres Einkommen","Agri-PV-Anlage auf Gewächshäusern und Ersatz von Folientunneln,Bis zu einem Fussballfeld (ca. 1ha),1500-4500 Meter,Gemeinde,6-10% Reduzierung des Ernteertrags,6-10% Erhöhung der Eigenproduktion ,6-10% höheres Einkommen","Vertikale Freiflächen Agri-PV-Anlage auf Weide- oder Ackerland,Bis zu 5 Fussballfelder (ca. 5ha),500-1500 Meter,Bäuerinnen und Bauern,21-40% Reduzierung des Ernteertrags,6-10% Erhöhung der Eigenproduktion ,0-5% höheres Einkommen",1,6,6,1,1,1,1,6,6,1,6,6,198,11,1,1,1
"266",1,0,43,"FR",16107,588,"2024-06-01 11:09:51","2024-06-01 11:19:39",NA,NA,NA,NA,NA,NA,5,3,3,7,5,4,6,6,4,2,34,1,1,1,4,6,2,6,NA,NA,NA,NA,NA,NA,NA,NA,NA,NA,NA,NA,NA,NA,NA,NA,1,1,0,"","","","","","","","",NA,NA,NA,NA,NA,NA,NA,NA,NA,NA,NA,NA,431,32,8,3,1
"267",NA,0,0,"DE",9462,119,"2024-06-01 11:45:42","2024-06-01 11:47:42",NA,NA,NA,NA,NA,NA,NA,NA,NA,NA,NA,NA,NA,NA,NA,NA,NA,NA,NA,NA,NA,NA,NA,NA,NA,NA,NA,NA,NA,NA,NA,NA,NA,NA,NA,NA,NA,NA,NA,NA,0,0,0,"","","","","","","","",NA,NA,NA,NA,NA,NA,NA,NA,NA,NA,NA,NA,3203,12,2,1,1
"268",NA,1,0,"DE",6954,23,"2024-06-01 12:00:08","2024-06-01 12:00:31",NA,NA,NA,NA,NA,NA,NA,NA,NA,NA,NA,NA,NA,NA,NA,NA,NA,NA,NA,NA,NA,NA,NA,NA,NA,NA,NA,NA,NA,NA,NA,NA,NA,NA,NA,NA,NA,NA,NA,NA,0,0,0,"","","","","","","","",NA,NA,NA,NA,NA,NA,NA,NA,NA,NA,NA,NA,3401,22,5,2,1
"269",1,1,7,"DE",15955,167,"2024-06-01 12:04:13","2024-06-01 12:07:01",NA,NA,NA,NA,NA,NA,NA,NA,NA,NA,NA,NA,NA,NA,NA,NA,28,2,1,1,2,NA,NA,NA,NA,NA,NA,NA,NA,NA,NA,NA,NA,NA,NA,NA,NA,NA,NA,NA,1,1,0,"","","","","","","","",NA,NA,NA,NA,NA,NA,NA,NA,NA,NA,NA,NA,3953,32,8,3,1
"270",NA,0,0,"DE",2316,NA,"2024-06-01 12:29:45","2024-06-01 12:29:45",NA,NA,NA,NA,NA,NA,NA,NA,NA,NA,NA,NA,NA,NA,NA,NA,NA,NA,NA,NA,NA,NA,NA,NA,NA,NA,NA,NA,NA,NA,NA,NA,NA,NA,NA,NA,NA,NA,NA,NA,0,0,0,"","","","","","","","",NA,NA,NA,NA,NA,NA,NA,NA,NA,NA,NA,NA,66,11,1,1,1
"271",1,1,98,"DE",1495,7553,"2024-06-01 12:53:15","2024-06-01 14:59:08",2,2,2,2,3,2,5,5,2,7,3,1,1,1,2,NA,64,1,1,1,1,6,1,5,6,5,1,1,1,1,1,3,4,5,3,3,2,4,2,5,0,0,0,"Vertikale Freiflächen Agri-PV-Anlage auf Weide- oder Ackerland,Bis zu einem Fussballfeld (ca. 1ha),1500-4500 Meter,Energiegenossenschaft (z.B. lokale Bevölkerung),41-80% Reduzierung des Ernteertrags,0-5% Erhöhung der Eigenproduktion,0-5% höheres Einkommen","Agri-PV-Anlage auf Gewächshäusern und Ersatz von Folientunneln,Bis zu 10 Fussballfelder (ca. 10ha),500-1500 Meter,Gemeinde,11-20% Reduzierung des Ernteertrags,21-40% Erhöhung der Eigenproduktion,21-40% höheres Einkommen","Horizontale Freiflächen Agri-PV-Anlage auf Weide- oder Ackerland,Bis zu 10 Fussballfelder (ca. 10ha),1500-4500 Meter,Bäuerinnen und Bauern,11-20% Reduzierung des Ernteertrags,21-40% Erhöhung der Eigenproduktion,11-20% höheres Einkommen","Agri-PV-Anlage auf Gewächshäusern und Ersatz von Folientunneln,Bis zu 5 Fussballfelder (ca. 5ha),500-1500 Meter,Regionaler Energieversorger,11-20% Reduzierung des Ernteertrags,6-10% Erhöhung der Eigenproduktion ,0-5% höheres Einkommen","Horizontale Freiflächen Agri-PV-Anlage auf Weide- oder Ackerland,Bis zu einem Fussballfeld (ca. 1ha),1500-4500 Meter,Grundstückseigentümer,0-5% Reduzierung des Ernteertrags,0-5% Erhöhung der Eigenproduktion,6-10% höheres Einkommen","Horizontale Freiflächen Agri-PV-Anlage auf Weide- oder Ackerland,Bis zu einem Fussballfeld (ca. 1ha),500-1500 Meter,Energiegenossenschaft (z.B. lokale Bevölkerung),21-40% Reduzierung des Ernteertrags,0-5% Erhöhung der Eigenproduktion,11-20% höheres Einkommen","Horizontale Freiflächen Agri-PV-Anlage auf Weide- oder Ackerland,Bis zu einem Fussballfeld (ca. 1ha),500-1500 Meter,Regionaler Energieversorger,11-20% Reduzierung des Ernteertrags,21-40% Erhöhung der Eigenproduktion,11-20% höheres Einkommen","Vertikale Freiflächen Agri-PV-Anlage auf Weide- oder Ackerland,Bis zu 10 Fussballfelder (ca. 10ha),0-500 Meter,Externe (nicht lokale) Investoren,21-40% Reduzierung des Ernteertrags,6-10% Erhöhung der Eigenproduktion ,6-10% höheres Einkommen",1,2,4,1,4,4,2,2,2,1,2,2,1362,13,3,1,1
"272",1,1,58,"DE",7338,791,"2024-06-01 13:09:21","2024-06-01 13:22:32",NA,NA,NA,NA,NA,NA,7,7,3,5,2,6,1,5,5,1,44,1,1,1,3,6,6,3,7,4,NA,NA,NA,NA,NA,NA,NA,NA,NA,NA,NA,NA,NA,NA,0,0,0,"","","","","","","","",NA,NA,NA,NA,NA,NA,NA,NA,NA,NA,NA,NA,1061,12,2,1,1
"273",1,1,77,"DE",12621,203928,"2024-06-01 13:17:18","2024-06-03 21:56:07",5,5,4,4,6,4,5,3,4,6,6,4,5,6,4,1,33,2,1,1,1,4,2,5,2,6,1,1,1,6,6,5,5,5,4,4,5,NA,NA,NA,0,0,0,"","","","","","","","",NA,NA,NA,NA,NA,NA,NA,NA,NA,NA,NA,NA,230,12,2,1,1
"274",1,0,94,"DE",4178,3415,"2024-06-01 13:27:01","2024-06-01 14:23:57",4,4,4,4,4,4,4,3,4,7,5,7,7,5,5,3,34,1,1,2,2,5,3,7,5,5,1,1,3,4,5,6,4,4,4,6,4,5,98,NA,0,0,0,"Horizontale Freiflächen Agri-PV-Anlage auf Weide- oder Ackerland,Bis zu einem Fussballfeld (ca. 1ha),1500-4500 Meter,Externe (nicht lokale) Investoren,21-40% Reduzierung des Ernteertrags,6-10% Erhöhung der Eigenproduktion ,21-40% höheres Einkommen","Vertikale Freiflächen Agri-PV-Anlage auf Weide- oder Ackerland,Bis zu 10 Fussballfelder (ca. 10ha),0-500 Meter,Grundstückseigentümer,21-40% Reduzierung des Ernteertrags,6-10% Erhöhung der Eigenproduktion ,0-5% höheres Einkommen","Vertikale Freiflächen Agri-PV-Anlage auf Weide- oder Ackerland,Bis zu 10 Fussballfelder (ca. 10ha),0-500 Meter,Grundstückseigentümer,0-5% Reduzierung des Ernteertrags,0-5% Erhöhung der Eigenproduktion,0-5% höheres Einkommen","Agri-PV-Anlage auf Gewächshäusern und Ersatz von Folientunneln,Bis zu 10 Fussballfelder (ca. 10ha),0-500 Meter,Regionaler Energieversorger,6-10% Reduzierung des Ernteertrags,11-20% Erhöhung der Eigenproduktion,41-80% höheres Einkommen","Vertikale Freiflächen Agri-PV-Anlage auf Weide- oder Ackerland,Bis zu 5 Fussballfelder (ca. 5ha),1500-4500 Meter,Grundstückseigentümer,6-10% Reduzierung des Ernteertrags,0-5% Erhöhung der Eigenproduktion,0-5% höheres Einkommen","Agri-PV-Anlage auf Gewächshäusern und Ersatz von Folientunneln,Bis zu einem Fussballfeld (ca. 1ha),1500-4500 Meter,Energiegenossenschaft (z.B. lokale Bevölkerung),11-20% Reduzierung des Ernteertrags,41-80% Erhöhung der Eigenproduktion,0-5% höheres Einkommen","Horizontale Freiflächen Agri-PV-Anlage auf Weide- oder Ackerland,Bis zu 5 Fussballfelder (ca. 5ha),1500-4500 Meter,Gemeinde,11-20% Reduzierung des Ernteertrags,6-10% Erhöhung der Eigenproduktion ,0-5% höheres Einkommen","Vertikale Freiflächen Agri-PV-Anlage auf Weide- oder Ackerland,Bis zu 10 Fussballfelder (ca. 10ha),0-500 Meter,Bäuerinnen und Bauern,0-5% Reduzierung des Ernteertrags,21-40% Erhöhung der Eigenproduktion,21-40% höheres Einkommen",1,4,4,1,4,4,1,4,4,1,4,4,251,11,1,1,1
"275",NA,1,0,"EN",4856,207066,"2024-06-01 13:38:01","2024-06-03 23:09:08",NA,NA,NA,NA,NA,NA,NA,NA,NA,NA,NA,NA,NA,NA,NA,NA,NA,NA,NA,NA,NA,NA,NA,NA,NA,NA,NA,NA,NA,NA,NA,NA,NA,NA,NA,NA,NA,NA,NA,NA,0,0,0,"","","","","","","","",NA,NA,NA,NA,NA,NA,NA,NA,NA,NA,NA,NA,2581,12,2,1,1
"276",NA,0,0,"EN",16274,38,"2024-06-01 14:01:14","2024-06-01 14:01:52",NA,NA,NA,NA,NA,NA,NA,NA,NA,NA,NA,NA,NA,NA,NA,NA,NA,NA,NA,NA,NA,NA,NA,NA,NA,NA,NA,NA,NA,NA,NA,NA,NA,NA,NA,NA,NA,NA,NA,NA,1,0,1,"","","","","","","","",NA,NA,NA,NA,NA,NA,NA,NA,NA,NA,NA,NA,56,11,1,1,1
"277",1,1,82,"DE",8257,2705,"2024-06-01 14:20:17","2024-06-01 15:05:22",2,2,2,2,2,2,5,6,5,5,2,3,2,5,4,3,73,2,1,1,2,5,3,3,1,2,1,1,1,2,3,3,2,1,1,1,1,NA,NA,NA,1,1,1,"Agri-PV-Anlage auf Gewächshäusern und Ersatz von Folientunneln,Bis zu 5 Fussballfelder (ca. 5ha),1500-4500 Meter,Grundstückseigentümer,6-10% Reduzierung des Ernteertrags,0-5% Erhöhung der Eigenproduktion,41-80% höheres Einkommen","Agri-PV-Anlage auf Gewächshäusern und Ersatz von Folientunneln,Bis zu 5 Fussballfelder (ca. 5ha),500-1500 Meter,Externe (nicht lokale) Investoren,6-10% Reduzierung des Ernteertrags,0-5% Erhöhung der Eigenproduktion,21-40% höheres Einkommen","Horizontale Freiflächen Agri-PV-Anlage auf Weide- oder Ackerland,Bis zu einem Fussballfeld (ca. 1ha),1500-4500 Meter,Bäuerinnen und Bauern,21-40% Reduzierung des Ernteertrags,21-40% Erhöhung der Eigenproduktion,0-5% höheres Einkommen","Vertikale Freiflächen Agri-PV-Anlage auf Weide- oder Ackerland,Bis zu 5 Fussballfelder (ca. 5ha),0-500 Meter,Grundstückseigentümer,21-40% Reduzierung des Ernteertrags,21-40% Erhöhung der Eigenproduktion,6-10% höheres Einkommen","","","","",1,2,2,NA,NA,NA,NA,NA,NA,NA,NA,NA,4238,23,6,2,1
"278",NA,1,0,"EN",6537,134,"2024-06-01 15:20:52","2024-06-01 15:23:07",NA,NA,NA,NA,NA,NA,NA,NA,NA,NA,NA,NA,NA,NA,NA,NA,NA,NA,NA,NA,NA,NA,NA,NA,NA,NA,NA,NA,NA,NA,NA,NA,NA,NA,NA,NA,NA,NA,NA,NA,0,0,0,"","","","","","","","",NA,NA,NA,NA,NA,NA,NA,NA,NA,NA,NA,NA,5635,11,1,1,1
"279",1,1,7,"DE",12277,3207,"2024-06-01 15:30:59","2024-06-01 16:24:27",NA,NA,NA,NA,NA,NA,NA,NA,NA,NA,NA,NA,NA,NA,NA,NA,55,1,1,1,4,NA,NA,NA,NA,NA,NA,NA,NA,NA,NA,NA,NA,NA,NA,NA,NA,NA,NA,NA,1,1,0,"","","","","","","","",NA,NA,NA,NA,NA,NA,NA,NA,NA,NA,NA,NA,3,22,5,2,1
"280",NA,0,0,"DE",7336,171,"2024-06-01 16:03:51","2024-06-01 16:06:42",NA,NA,NA,NA,NA,NA,NA,NA,NA,NA,NA,NA,NA,NA,NA,NA,NA,NA,NA,NA,NA,NA,NA,NA,NA,NA,NA,NA,NA,NA,NA,NA,NA,NA,NA,NA,NA,NA,NA,NA,1,1,1,"","","","","","","","",NA,NA,NA,NA,NA,NA,NA,NA,NA,NA,NA,NA,2265,21,4,2,1
"281",1,1,58,"FR",1504,1128,"2024-06-01 16:43:22","2024-06-01 17:02:11",NA,NA,NA,NA,NA,NA,7,7,7,7,7,7,6,4,2,2,72,2,1,1,3,7,7,6,1,5,NA,NA,NA,NA,NA,NA,NA,NA,NA,NA,NA,NA,NA,NA,0,1,1,"","","","","","","","",NA,NA,NA,NA,NA,NA,NA,NA,NA,NA,NA,NA,2196,12,2,1,1
"282",1,0,70,"DE",11883,1005,"2024-06-01 16:54:15","2024-06-01 17:11:01",NA,NA,NA,NA,NA,NA,3,4,4,5,3,4,3,3,3,3,38,2,1,1,2,3,4,5,1,4,1,3,3,5,5,3,4,4,4,2,NA,NA,NA,NA,0,1,0,"","","","","","","","",NA,NA,NA,NA,NA,NA,NA,NA,NA,NA,NA,NA,3395,31,7,3,1
"283",1,1,69,"FR",2330,1669,"2024-06-01 17:13:15","2024-06-01 17:41:04",NA,NA,NA,NA,NA,NA,6,4,4,6,2,4,4,4,4,5,55,1,1,1,4,6,1,7,4,4,1,1,3,2,2,2,NA,NA,NA,NA,NA,NA,NA,NA,1,1,1,"","","","","","","","",NA,NA,NA,NA,NA,NA,NA,NA,NA,NA,NA,NA,5451,32,8,3,1
"284",1,1,25,"DE",8497,487,"2024-06-01 17:19:12","2024-06-01 17:27:19",NA,NA,NA,NA,NA,NA,NA,NA,NA,NA,NA,NA,NA,NA,NA,NA,55,1,1,1,2,6,2,5,NA,NA,NA,NA,NA,NA,NA,NA,NA,NA,NA,NA,NA,NA,NA,NA,0,0,1,"","","","","","","","",NA,NA,NA,NA,NA,NA,NA,NA,NA,NA,NA,NA,4123,12,2,1,1
"285",NA,0,0,"FR",3988,NA,"2024-06-01 17:58:22","2024-06-01 17:58:23",NA,NA,NA,NA,NA,NA,NA,NA,NA,NA,NA,NA,NA,NA,NA,NA,NA,NA,NA,NA,NA,NA,NA,NA,NA,NA,NA,NA,NA,NA,NA,NA,NA,NA,NA,NA,NA,NA,NA,NA,1,1,1,"","","","","","","","",NA,NA,NA,NA,NA,NA,NA,NA,NA,NA,NA,NA,355,11,1,1,1
"286",1,1,43,"DE",7821,3331,"2024-06-01 18:02:41","2024-06-01 18:58:13",NA,NA,NA,NA,NA,NA,5,1,6,7,7,6,5,5,6,3,57,2,1,1,3,7,1,6,NA,NA,NA,NA,NA,NA,NA,NA,NA,NA,NA,NA,NA,NA,NA,NA,1,0,0,"","","","","","","","",NA,NA,NA,NA,NA,NA,NA,NA,NA,NA,NA,NA,38,23,6,2,1
"287",1,1,74,"DE",9999,2315,"2024-06-01 19:41:29","2024-06-01 20:20:04",NA,NA,NA,NA,NA,NA,6,4,5,7,7,4,6,5,3,3,41,2,1,2,2,6,2,4,4,4,1,1,1,5,5,5,4,4,4,4,4,NA,NA,NA,1,1,1,"","","","","","","","",NA,NA,NA,NA,NA,NA,NA,NA,NA,NA,NA,NA,56,11,1,1,1
"288",1,1,80,"FR",13409,2647,"2024-06-01 19:45:18","2024-06-01 20:29:26",6,6,5,7,4,4,6,3,4,6,3,5,5,7,6,4,32,2,1,2,3,6,5,5,1,7,1,1,3,6,7,7,6,5,5,6,6,NA,NA,NA,0,0,0,"Surfaces libres horizontales pour installations agri-PV sur des pâturage ou des terres cultivées,Jusqu'à 5 terrains de football (env. 5ha),500-1500 mètres,Propriétaire du terrain,Réduction de 6-10% du rendement de la récolte,Augmentation de 11-20% de la production propre,Augmentation de 21-40% du revenu des agriculteurs","Installations agri-PV sur des serres et remplacement de tunnels en plastique,Jusqu'à 10 terrains de football (env. 10ha),500-1500 mètres,Paysans et paysannes,Réduction de 41-80% du rendement de la récolte,Augmentation de 21-40% de la production propre,Augmentation de 41-80% du revenu des agriculteurs","","","","","","",NA,NA,NA,NA,NA,NA,NA,NA,NA,NA,NA,NA,5586,11,1,1,1
"289",NA,0,0,"EN",2640,NA,"2024-06-01 19:47:51","2024-06-01 19:47:51",NA,NA,NA,NA,NA,NA,NA,NA,NA,NA,NA,NA,NA,NA,NA,NA,NA,NA,NA,NA,NA,NA,NA,NA,NA,NA,NA,NA,NA,NA,NA,NA,NA,NA,NA,NA,NA,NA,NA,NA,0,0,0,"","","","","","","","",NA,NA,NA,NA,NA,NA,NA,NA,NA,NA,NA,NA,6416,21,4,2,1
"290",1,1,7,"DE",8148,348,"2024-06-01 19:51:25","2024-06-01 19:57:14",NA,NA,NA,NA,NA,NA,NA,NA,NA,NA,NA,NA,NA,NA,NA,NA,24,1,1,1,2,NA,NA,NA,NA,NA,NA,NA,NA,NA,NA,NA,NA,NA,NA,NA,NA,NA,NA,NA,1,0,0,"","","","","","","","",NA,NA,NA,NA,NA,NA,NA,NA,NA,NA,NA,NA,3274,32,8,3,1
"291",1,0,7,"FR",14282,139,"2024-06-01 19:59:15","2024-06-01 20:01:35",NA,NA,NA,NA,NA,NA,NA,NA,NA,NA,NA,NA,NA,NA,NA,NA,37,2,1,2,3,NA,NA,NA,NA,NA,NA,NA,NA,NA,NA,NA,NA,NA,NA,NA,NA,NA,NA,NA,0,0,0,"","","","","","","","",NA,NA,NA,NA,NA,NA,NA,NA,NA,NA,NA,NA,6458,12,2,1,1
"292",1,1,7,"DE",9055,84,"2024-06-01 20:21:51","2024-06-01 20:23:16",NA,NA,NA,NA,NA,NA,NA,NA,NA,NA,NA,NA,NA,NA,NA,NA,38,2,1,1,4,NA,NA,NA,NA,NA,NA,NA,NA,NA,NA,NA,NA,NA,NA,NA,NA,NA,NA,NA,0,1,1,"","","","","","","","",NA,NA,NA,NA,NA,NA,NA,NA,NA,NA,NA,NA,4139,13,3,1,1
"293",1,0,8,"EN",3764,358,"2024-06-01 21:27:46","2024-06-01 21:33:44",NA,NA,NA,NA,NA,NA,NA,NA,NA,NA,NA,NA,NA,NA,NA,NA,38,2,1,2,4,NA,NA,NA,NA,NA,NA,NA,NA,NA,NA,NA,NA,NA,NA,NA,NA,NA,NA,NA,0,0,0,"","","","","","","","",NA,NA,NA,NA,NA,NA,NA,NA,NA,NA,NA,NA,131,11,1,1,1
"294",1,1,7,"FR",6454,334,"2024-06-01 21:51:03","2024-06-01 21:56:38",NA,NA,NA,NA,NA,NA,NA,NA,NA,NA,NA,NA,NA,NA,NA,NA,51,1,1,1,5,NA,NA,NA,NA,NA,NA,NA,NA,NA,NA,NA,NA,NA,NA,NA,NA,NA,NA,NA,1,1,1,"","","","","","","","",NA,NA,NA,NA,NA,NA,NA,NA,NA,NA,NA,NA,6607,11,1,1,1
"295",1,0,77,"DE",161,1268,"2024-06-02 08:32:45","2024-06-02 08:53:54",4,4,4,4,4,4,4,4,1,6,1,4,3,3,4,1,54,2,1,1,3,5,5,6,4,4,1,3,1,4,4,4,4,4,4,4,4,NA,NA,NA,0,0,0,"","","","","","","","",NA,NA,NA,NA,NA,NA,NA,NA,NA,NA,NA,NA,3443,12,2,1,1
"296",1,1,43,"DE",11836,803,"2024-06-02 08:48:36","2024-06-02 09:02:00",NA,NA,NA,NA,NA,NA,2,3,5,6,3,4,6,6,3,3,35,2,1,1,3,3,3,2,NA,NA,NA,NA,NA,NA,NA,NA,NA,NA,NA,NA,NA,NA,NA,NA,1,0,0,"","","","","","","","",NA,NA,NA,NA,NA,NA,NA,NA,NA,NA,NA,NA,3603,33,9,3,1
"297",1,0,84,"DE",11211,4459,"2024-06-02 08:52:26","2024-06-02 10:06:46",7,7,7,7,7,7,5,1,6,7,7,5,7,3,1,7,42,1,1,2,3,7,1,7,4,7,1,3,3,7,7,7,7,7,7,7,7,NA,NA,NA,0,0,0,"Agri-PV-Anlage auf Gewächshäusern und Ersatz von Folientunneln,Bis zu einem Fussballfeld (ca. 1ha),500-1500 Meter,Bäuerinnen und Bauern,21-40% Reduzierung des Ernteertrags,11-20% Erhöhung der Eigenproduktion,0-5% höheres Einkommen","Agri-PV-Anlage auf Gewächshäusern und Ersatz von Folientunneln,Bis zu 5 Fussballfelder (ca. 5ha),1500-4500 Meter,Externe (nicht lokale) Investoren,6-10% Reduzierung des Ernteertrags,0-5% Erhöhung der Eigenproduktion,6-10% höheres Einkommen","Agri-PV-Anlage auf Gewächshäusern und Ersatz von Folientunneln,Bis zu 10 Fussballfelder (ca. 10ha),0-500 Meter,Externe (nicht lokale) Investoren,41-80% Reduzierung des Ernteertrags,0-5% Erhöhung der Eigenproduktion,11-20% höheres Einkommen","Agri-PV-Anlage auf Gewächshäusern und Ersatz von Folientunneln,Bis zu 5 Fussballfelder (ca. 5ha),1500-4500 Meter,Grundstückseigentümer,6-10% Reduzierung des Ernteertrags,6-10% Erhöhung der Eigenproduktion ,21-40% höheres Einkommen","","","","",1,7,7,2,7,7,NA,NA,NA,NA,NA,NA,1301,13,3,1,1
"298",1,1,80,"FR",15587,1511,"2024-06-02 09:50:54","2024-06-02 10:16:06",4,7,4,6,6,4,4,3,3,7,5,4,5,5,3,2,38,2,1,1,4,7,2,3,2,7,1,1,1,6,6,6,4,4,4,4,6,NA,NA,NA,0,0,0,"","","","","","","","",NA,NA,NA,NA,NA,NA,NA,NA,NA,NA,NA,NA,6631,11,1,1,1
"299",NA,1,0,"DE",4900,31,"2024-06-02 10:02:31","2024-06-02 10:03:03",NA,NA,NA,NA,NA,NA,NA,NA,NA,NA,NA,NA,NA,NA,NA,NA,NA,NA,NA,NA,NA,NA,NA,NA,NA,NA,NA,NA,NA,NA,NA,NA,NA,NA,NA,NA,NA,NA,NA,NA,1,0,0,"","","","","","","","",NA,NA,NA,NA,NA,NA,NA,NA,NA,NA,NA,NA,6110,31,7,3,1
"300",1,0,80,"DE",2419,1734,"2024-06-02 10:12:00","2024-06-02 10:40:55",4,4,4,5,6,5,6,6,2,7,6,6,2,2,2,2,59,1,1,1,2,5,2,6,5,5,3,3,3,5,5,4,5,4,4,5,3,NA,NA,NA,0,0,1,"Horizontale Freiflächen Agri-PV-Anlage auf Weide- oder Ackerland,Bis zu einem Fussballfeld (ca. 1ha),500-1500 Meter,Externe (nicht lokale) Investoren,11-20% Reduzierung des Ernteertrags,0-5% Erhöhung der Eigenproduktion,41-80% höheres Einkommen","Agri-PV-Anlage auf Gewächshäusern und Ersatz von Folientunneln,Bis zu 10 Fussballfelder (ca. 10ha),0-500 Meter,Gemeinde,0-5% Reduzierung des Ernteertrags,41-80% Erhöhung der Eigenproduktion,6-10% höheres Einkommen","","","","","","",NA,NA,NA,NA,NA,NA,NA,NA,NA,NA,NA,NA,3427,12,2,1,1
"301",1,1,77,"DE",7528,3712,"2024-06-02 10:26:18","2024-06-02 11:28:10",1,2,1,2,3,2,6,5,3,5,3,2,5,6,1,1,49,1,1,1,1,6,3,6,2,1,1,1,1,2,2,3,3,2,1,1,1,NA,NA,NA,0,0,0,"","","","","","","","",NA,NA,NA,NA,NA,NA,NA,NA,NA,NA,NA,NA,4324,21,4,2,1
"302",1,1,69,"DE",10339,3108,"2024-06-02 10:32:40","2024-06-02 11:24:28",NA,NA,NA,NA,NA,NA,4,5,1,7,7,4,7,3,1,1,55,1,1,2,4,7,4,2,4,7,3,3,1,4,4,4,NA,NA,NA,NA,NA,NA,NA,NA,0,1,1,"","","","","","","","",NA,NA,NA,NA,NA,NA,NA,NA,NA,NA,NA,NA,4080,13,3,1,1
"303",NA,0,0,"EN",13736,NA,"2024-06-02 11:11:08","2024-06-02 11:11:08",NA,NA,NA,NA,NA,NA,NA,NA,NA,NA,NA,NA,NA,NA,NA,NA,NA,NA,NA,NA,NA,NA,NA,NA,NA,NA,NA,NA,NA,NA,NA,NA,NA,NA,NA,NA,NA,NA,NA,NA,0,0,1,"","","","","","","","",NA,NA,NA,NA,NA,NA,NA,NA,NA,NA,NA,NA,6616,11,1,1,1
"304",1,1,56,"DE",819,21830,"2024-06-02 11:13:00","2024-06-02 17:16:51",NA,NA,NA,NA,NA,NA,6,6,6,6,6,6,6,6,3,3,40,2,1,2,4,6,1,7,4,6,NA,NA,NA,NA,NA,NA,NA,NA,NA,NA,NA,NA,NA,NA,1,1,1,"","","","","","","","",NA,NA,NA,NA,NA,NA,NA,NA,NA,NA,NA,NA,40,23,6,2,1
"305",1,1,74,"FR",1730,1233,"2024-06-02 11:17:48","2024-06-02 11:38:21",NA,NA,NA,NA,NA,NA,5,4,5,5,4,4,4,4,4,3,1977,2,1,2,2,4,5,3,1,4,1,1,1,5,5,5,4,4,3,4,2,NA,NA,NA,0,0,0,"","","","","","","","",NA,NA,NA,NA,NA,NA,NA,NA,NA,NA,NA,NA,6266,12,2,1,1
"306",1,1,25,"DE",9102,658,"2024-06-02 11:33:43","2024-06-02 11:44:42",NA,NA,NA,NA,NA,NA,NA,NA,NA,NA,NA,NA,NA,NA,NA,NA,46,2,1,2,2,6,4,4,NA,NA,NA,NA,NA,NA,NA,NA,NA,NA,NA,NA,NA,NA,NA,NA,0,0,0,"","","","","","","","",NA,NA,NA,NA,NA,NA,NA,NA,NA,NA,NA,NA,295,11,1,1,1
"307",1,0,1,"FR",603,6126,"2024-06-02 12:22:13","2024-06-02 14:04:20",NA,NA,NA,NA,NA,NA,NA,NA,NA,NA,NA,NA,NA,NA,NA,NA,NA,NA,NA,NA,NA,NA,NA,NA,NA,NA,NA,NA,NA,NA,NA,NA,NA,NA,NA,NA,NA,NA,NA,NA,1,1,1,"","","","","","","","",NA,NA,NA,NA,NA,NA,NA,NA,NA,NA,NA,NA,6629,11,1,1,1
"308",1,0,82,"FR",8656,1635,"2024-06-02 12:25:58","2024-06-02 12:53:14",2,5,4,5,4,4,3,1,3,6,3,3,3,5,3,2,64,2,1,1,2,6,3,4,2,4,1,1,1,4,5,4,4,2,3,4,3,NA,NA,NA,0,0,0,"Installations agri-PV sur des serres et remplacement de tunnels en plastique,Jusqu'à un terrain de football (env. 1ha),500-1500 mètres,Coopérative énergétique (par ex. citoyens locaux),Réduction de 0-5% du rendement de la récolte,Augmentation de 21-40% de la production propre,Augmentation de 0-5% du revenu des agriculteurs","Surfaces libres horizontales pour installations agri-PV sur des pâturage ou des terres cultivées,Jusqu'à 5 terrains de football (env. 5ha),0-500 mètres,Paysans et paysannes,Réduction de 21-40% du rendement de la récolte,Augmentation de 0-5% de la production propre,Augmentation de 11-20% du revenu des agriculteurs","","","","","","",2,4,3,NA,NA,NA,NA,NA,NA,NA,NA,NA,6218,23,6,2,1
"309",NA,1,0,"DE",9198,NA,"2024-06-02 12:56:39","2024-06-02 12:56:39",NA,NA,NA,NA,NA,NA,NA,NA,NA,NA,NA,NA,NA,NA,NA,NA,NA,NA,NA,NA,NA,NA,NA,NA,NA,NA,NA,NA,NA,NA,NA,NA,NA,NA,NA,NA,NA,NA,NA,NA,0,0,0,"","","","","","","","",NA,NA,NA,NA,NA,NA,NA,NA,NA,NA,NA,NA,4001,12,2,1,1
"310",NA,1,0,"EN",14367,NA,"2024-06-02 13:25:21","2024-06-02 13:25:22",NA,NA,NA,NA,NA,NA,NA,NA,NA,NA,NA,NA,NA,NA,NA,NA,NA,NA,NA,NA,NA,NA,NA,NA,NA,NA,NA,NA,NA,NA,NA,NA,NA,NA,NA,NA,NA,NA,NA,NA,0,0,0,"","","","","","","","",NA,NA,NA,NA,NA,NA,NA,NA,NA,NA,NA,NA,1342,22,5,2,1
"311",1,1,13,"DE",10192,225,"2024-06-02 13:30:14","2024-06-02 13:33:59",NA,NA,NA,NA,NA,NA,NA,NA,NA,NA,NA,NA,NA,NA,NA,NA,20,1,1,1,4,3,1,5,NA,NA,NA,NA,NA,NA,NA,NA,NA,NA,NA,NA,NA,NA,NA,NA,0,1,0,"","","","","","","","",NA,NA,NA,NA,NA,NA,NA,NA,NA,NA,NA,NA,352,11,1,1,1
"312",1,1,80,"FR",13859,1435,"2024-06-02 14:01:33","2024-06-02 14:25:28",5,4,4,4,4,4,6,5,4,5,3,5,5,4,4,3,67,1,1,1,2,5,5,4,2,5,1,1,1,5,5,5,5,4,3,4,3,NA,NA,NA,1,0,0,"Installations agri-PV sur des serres et remplacement de tunnels en plastique,Jusqu'à 5 terrains de football (env. 5ha),1500-4500 mètres,Propriétaire du terrain,Réduction de 0-5% du rendement de la récolte,Augmentation de 0-5% de la production propre,Augmentation de 41-80% du revenu des agriculteurs","Installations agri-PV sur des serres et remplacement de tunnels en plastique,Jusqu'à un terrain de football (env. 1ha),500-1500 mètres,Propriétaire du terrain,Réduction de 11-20% du rendement de la récolte,Augmentation de 0-5% de la production propre,Augmentation de 0-5% du revenu des agriculteurs","","","","","","",NA,NA,NA,NA,NA,NA,NA,NA,NA,NA,NA,NA,6265,12,2,1,1
"313",NA,1,0,"DE",4667,NA,"2024-06-02 14:07:32","2024-06-02 14:07:33",NA,NA,NA,NA,NA,NA,NA,NA,NA,NA,NA,NA,NA,NA,NA,NA,NA,NA,NA,NA,NA,NA,NA,NA,NA,NA,NA,NA,NA,NA,NA,NA,NA,NA,NA,NA,NA,NA,NA,NA,0,0,0,"","","","","","","","",NA,NA,NA,NA,NA,NA,NA,NA,NA,NA,NA,NA,4255,13,3,1,1
"314",1,1,58,"DE",12961,961,"2024-06-02 14:21:58","2024-06-02 14:38:00",NA,NA,NA,NA,NA,NA,5,2,5,7,7,5,5,5,3,1,30,2,1,1,4,6,1,7,4,7,NA,NA,NA,NA,NA,NA,NA,NA,NA,NA,NA,NA,NA,NA,1,0,0,"","","","","","","","",NA,NA,NA,NA,NA,NA,NA,NA,NA,NA,NA,NA,2701,11,1,1,1
"315",1,0,74,"FR",3110,961,"2024-06-02 14:29:32","2024-06-02 14:45:34",NA,NA,NA,NA,NA,NA,4,2,2,6,3,4,5,4,4,4,53,2,1,2,4,6,1,6,2,6,1,1,1,5,5,5,5,4,4,5,4,NA,NA,NA,0,0,0,"","","","","","","","",NA,NA,NA,NA,NA,NA,NA,NA,NA,NA,NA,NA,6621,11,1,1,1
"316",1,0,74,"EN",3941,1168,"2024-06-02 15:25:57","2024-06-02 15:45:25",NA,NA,NA,NA,NA,NA,3,5,4,6,6,7,4,4,4,4,51,2,1,2,2,5,5,5,1,3,1,1,1,4,3,4,3,3,3,3,3,NA,NA,NA,0,0,0,"","","","","","","","",NA,NA,NA,NA,NA,NA,NA,NA,NA,NA,NA,NA,5587,11,1,1,1
"317",NA,1,0,"DE",5617,NA,"2024-06-02 15:27:29","2024-06-02 15:27:29",NA,NA,NA,NA,NA,NA,NA,NA,NA,NA,NA,NA,NA,NA,NA,NA,NA,NA,NA,NA,NA,NA,NA,NA,NA,NA,NA,NA,NA,NA,NA,NA,NA,NA,NA,NA,NA,NA,NA,NA,0,0,0,"","","","","","","","",NA,NA,NA,NA,NA,NA,NA,NA,NA,NA,NA,NA,2299,31,7,3,1
"318",1,1,80,"FR",2147,892,"2024-06-02 15:28:43","2024-06-02 15:43:35",3,5,3,3,1,1,7,3,5,7,3,5,5,5,5,2,32,2,1,1,1,5,3,3,4,6,3,3,3,5,5,5,5,3,2,3,3,NA,NA,NA,1,0,0,"Installations agri-PV sur des serres et remplacement de tunnels en plastique,Jusqu'à 5 terrains de football (env. 5ha),500-1500 mètres,Investisseurs externes (non locaux),Réduction de 21-40% du rendement de la récolte,Augmentation de 11-20% de la production propre,Augmentation de 0-5% du revenu des agriculteurs","Surfaces libres verticales pour installations agri-PV sur des pâturages ou des terres cultivées ,Jusqu'à 10 terrains de football (env. 10ha),0-500 mètres,Commune,Réduction de 0-5% du rendement de la récolte,Augmentation de 11-20% de la production propre,Augmentation de 41-80% du revenu des agriculteurs","","","","","","",NA,NA,NA,NA,NA,NA,NA,NA,NA,NA,NA,NA,6154,32,8,3,1
"319",NA,1,0,"DE",9408,NA,"2024-06-02 16:43:22","2024-06-02 16:43:22",NA,NA,NA,NA,NA,NA,NA,NA,NA,NA,NA,NA,NA,NA,NA,NA,NA,NA,NA,NA,NA,NA,NA,NA,NA,NA,NA,NA,NA,NA,NA,NA,NA,NA,NA,NA,NA,NA,NA,NA,1,0,1,"","","","","","","","",NA,NA,NA,NA,NA,NA,NA,NA,NA,NA,NA,NA,53,11,1,1,1
"320",1,0,85,"FR",8668,2757,"2024-06-02 16:58:46","2024-06-02 17:44:44",5,5,4,5,5,4,5,2,4,6,2,2,5,5,3,2,73,2,1,1,1,7,1,4,5,5,1,1,1,4,5,5,5,4,3,5,4,NA,NA,NA,0,0,0,"Surfaces libres horizontales pour installations agri-PV sur des pâturage ou des terres cultivées,Jusqu'à 5 terrains de football (env. 5ha),1500-4500 mètres,Propriétaire du terrain,Réduction de 0-5% du rendement de la récolte,Augmentation de 21-40% de la production propre,Augmentation de 41-80% du revenu des agriculteurs","Installations agri-PV sur des serres et remplacement de tunnels en plastique,Jusqu'à 10 terrains de football (env. 10ha),1500-4500 mètres,Fournisseur régional d'énergie,Réduction de 11-20% du rendement de la récolte,Augmentation de 21-40% de la production propre,Augmentation de 0-5% du revenu des agriculteurs","Surfaces libres horizontales pour installations agri-PV sur des pâturage ou des terres cultivées,Jusqu'à 5 terrains de football (env. 5ha),1500-4500 mètres,Fournisseur régional d'énergie,Réduction de 0-5% du rendement de la récolte,Augmentation de 41-80% de la production propre,Augmentation de 11-20% du revenu des agriculteurs","Surfaces libres verticales pour installations agri-PV sur des pâturages ou des terres cultivées ,Jusqu'à 5 terrains de football (env. 5ha),0-500 mètres,Investisseurs externes (non locaux),Réduction de 11-20% du rendement de la récolte,Augmentation de 0-5% de la production propre,Augmentation de 11-20% du revenu des agriculteurs","Surfaces libres verticales pour installations agri-PV sur des pâturages ou des terres cultivées ,Jusqu'à 10 terrains de football (env. 10ha),0-500 mètres,Investisseurs externes (non locaux),Réduction de 11-20% du rendement de la récolte,Augmentation de 6-10% de la production propre,Augmentation de 21-40% du revenu des agriculteurs","Surfaces libres horizontales pour installations agri-PV sur des pâturage ou des terres cultivées,Jusqu'à 10 terrains de football (env. 10ha),1500-4500 mètres,Fournisseur régional d'énergie,Réduction de 21-40% du rendement de la récolte,Augmentation de 21-40% de la production propre,Augmentation de 21-40% du revenu des agriculteurs","Installations agri-PV sur des serres et remplacement de tunnels en plastique,Jusqu'à un terrain de football (env. 1ha),0-500 mètres,Paysans et paysannes,Réduction de 0-5% du rendement de la récolte,Augmentation de 41-80% de la production propre,Augmentation de 21-40% du revenu des agriculteurs","Installations agri-PV sur des serres et remplacement de tunnels en plastique,Jusqu'à un terrain de football (env. 1ha),500-1500 mètres,Coopérative énergétique (par ex. citoyens locaux),Réduction de 6-10% du rendement de la récolte,Augmentation de 11-20% de la production propre,Augmentation de 6-10% du revenu des agriculteurs",1,5,3,1,5,4,2,3,5,NA,NA,NA,351,11,1,1,1
"321",1,0,9,"DE",10098,372,"2024-06-02 17:45:04","2024-06-02 17:51:16",NA,NA,NA,NA,NA,NA,NA,NA,NA,NA,NA,NA,NA,NA,NA,NA,23,2,1,1,2,NA,NA,NA,NA,NA,NA,NA,NA,NA,NA,NA,NA,NA,NA,NA,NA,NA,NA,NA,0,0,0,"","","","","","","","",NA,NA,NA,NA,NA,NA,NA,NA,NA,NA,NA,NA,141,11,1,1,1
"322",1,1,25,"DE",2305,165280,"2024-06-02 18:11:08","2024-06-04 16:05:49",NA,NA,NA,NA,NA,NA,NA,NA,NA,NA,NA,NA,NA,NA,NA,NA,63,2,1,1,4,7,2,5,NA,NA,NA,NA,NA,NA,NA,NA,NA,NA,NA,NA,NA,NA,NA,NA,0,1,0,"","","","","","","","",NA,NA,NA,NA,NA,NA,NA,NA,NA,NA,NA,NA,200,11,1,1,1
"323",1,1,56,"FR",13320,5473,"2024-06-02 18:34:58","2024-06-02 20:06:11",NA,NA,NA,NA,NA,NA,3,3,4,NA,NA,NA,NA,NA,NA,NA,61,2,1,1,2,7,6,7,3,4,NA,NA,NA,NA,NA,NA,NA,NA,NA,NA,NA,NA,NA,NA,0,0,0,"","","","","","","","",NA,NA,NA,NA,NA,NA,NA,NA,NA,NA,NA,NA,2325,21,4,2,1
"324",1,0,80,"DE",4999,2070,"2024-06-02 19:37:24","2024-06-02 20:11:54",4,4,4,4,4,4,3,3,5,6,3,4,2,6,4,2,47,2,1,2,1,5,3,5,4,7,3,3,3,6,6,5,6,3,1,5,5,NA,NA,NA,1,0,0,"Agri-PV-Anlage auf Gewächshäusern und Ersatz von Folientunneln,Bis zu einem Fussballfeld (ca. 1ha),0-500 Meter,Grundstückseigentümer,21-40% Reduzierung des Ernteertrags,0-5% Erhöhung der Eigenproduktion,11-20% höheres Einkommen","Vertikale Freiflächen Agri-PV-Anlage auf Weide- oder Ackerland,Bis zu 5 Fussballfelder (ca. 5ha),500-1500 Meter,Grundstückseigentümer,41-80% Reduzierung des Ernteertrags,41-80% Erhöhung der Eigenproduktion,6-10% höheres Einkommen","","","","","","",NA,NA,NA,NA,NA,NA,NA,NA,NA,NA,NA,NA,762,33,9,3,1
"325",1,1,43,"FR",6093,535,"2024-06-02 19:42:13","2024-06-02 19:51:09",NA,NA,NA,NA,NA,NA,6,4,5,6,3,5,5,4,4,2,23,2,1,1,4,5,6,7,NA,NA,NA,NA,NA,NA,NA,NA,NA,NA,NA,NA,NA,NA,NA,NA,0,0,0,"","","","","","","","",NA,NA,NA,NA,NA,NA,NA,NA,NA,NA,NA,NA,6621,11,1,1,1
"326",1,1,7,"DE",10107,75,"2024-06-02 19:58:00","2024-06-02 19:59:15",NA,NA,NA,NA,NA,NA,NA,NA,NA,NA,NA,NA,NA,NA,NA,NA,35,1,1,1,1,NA,NA,NA,NA,NA,NA,NA,NA,NA,NA,NA,NA,NA,NA,NA,NA,NA,NA,NA,1,0,0,"","","","","","","","",NA,NA,NA,NA,NA,NA,NA,NA,NA,NA,NA,NA,355,11,1,1,1
"327",1,0,84,"DE",11514,846888,"2024-06-02 20:56:51","2024-06-12 16:11:40",4,4,4,4,4,4,5,3,4,5,5,5,4,6,4,3,19,2,1,1,4,5,2,2,4,6,1,1,3,5,5,4,5,4,3,4,5,NA,NA,NA,0,0,1,"Vertikale Freiflächen Agri-PV-Anlage auf Weide- oder Ackerland,Bis zu 10 Fussballfelder (ca. 10ha),0-500 Meter,Externe (nicht lokale) Investoren,11-20% Reduzierung des Ernteertrags,21-40% Erhöhung der Eigenproduktion,11-20% höheres Einkommen","Vertikale Freiflächen Agri-PV-Anlage auf Weide- oder Ackerland,Bis zu einem Fussballfeld (ca. 1ha),0-500 Meter,Externe (nicht lokale) Investoren,6-10% Reduzierung des Ernteertrags,41-80% Erhöhung der Eigenproduktion,21-40% höheres Einkommen","Horizontale Freiflächen Agri-PV-Anlage auf Weide- oder Ackerland,Bis zu 5 Fussballfelder (ca. 5ha),500-1500 Meter,Regionaler Energieversorger,41-80% Reduzierung des Ernteertrags,11-20% Erhöhung der Eigenproduktion,21-40% höheres Einkommen","Horizontale Freiflächen Agri-PV-Anlage auf Weide- oder Ackerland,Bis zu 5 Fussballfelder (ca. 5ha),1500-4500 Meter,Energiegenossenschaft (z.B. lokale Bevölkerung),0-5% Reduzierung des Ernteertrags,0-5% Erhöhung der Eigenproduktion,41-80% höheres Einkommen","","","","",2,5,6,2,5,5,NA,NA,NA,NA,NA,NA,4123,12,2,1,1
"328",1,1,59,"DE",12741,1794,"2024-06-02 21:11:58","2024-06-02 21:41:53",NA,NA,NA,NA,NA,NA,5,4,NA,NA,NA,NA,NA,NA,NA,NA,24,1,1,1,2,6,5,5,4,4,1,1,1,NA,NA,NA,NA,NA,NA,NA,NA,NA,NA,NA,1,1,1,"","","","","","","","",NA,NA,NA,NA,NA,NA,NA,NA,NA,NA,NA,NA,612,21,4,2,1
"329",1,1,25,"DE",5231,543,"2024-06-02 21:53:26","2024-06-02 22:02:30",NA,NA,NA,NA,NA,NA,NA,NA,NA,NA,NA,NA,NA,NA,NA,NA,61,1,1,1,2,6,4,3,NA,NA,NA,NA,NA,NA,NA,NA,NA,NA,NA,NA,NA,NA,NA,NA,0,0,0,"","","","","","","","",NA,NA,NA,NA,NA,NA,NA,NA,NA,NA,NA,NA,3787,13,3,1,1
"330",1,0,33,"FR",360,78612,"2024-06-02 21:54:06","2024-06-03 19:44:19",NA,NA,NA,NA,NA,NA,NA,NA,NA,NA,NA,NA,NA,NA,NA,NA,34,1,1,1,2,7,1,7,NA,NA,NA,NA,NA,NA,NA,NA,NA,NA,NA,NA,NA,NA,NA,NA,0,0,0,"","","","","","","","",NA,NA,NA,NA,NA,NA,NA,NA,NA,NA,NA,NA,261,11,1,1,1
"331",1,0,15,"FR",6541,1040,"2024-06-02 22:23:13","2024-06-02 22:40:34",NA,NA,NA,NA,NA,NA,NA,NA,NA,NA,NA,NA,NA,NA,NA,NA,51,1,1,2,4,6,6,6,NA,NA,NA,NA,NA,NA,NA,NA,NA,NA,NA,NA,NA,NA,NA,NA,0,0,0,"","","","","","","","",NA,NA,NA,NA,NA,NA,NA,NA,NA,NA,NA,NA,6621,11,1,1,1
"332",1,1,9,"DE",4190,719,"2024-06-02 22:35:01","2024-06-02 22:47:01",NA,NA,NA,NA,NA,NA,NA,NA,NA,NA,NA,NA,NA,NA,NA,NA,51,2,1,2,5,NA,NA,NA,NA,NA,NA,NA,NA,NA,NA,NA,NA,NA,NA,NA,NA,NA,NA,NA,0,1,1,"","","","","","","","",NA,NA,NA,NA,NA,NA,NA,NA,NA,NA,NA,NA,939,12,2,1,1
"333",1,0,43,"EN",5213,121818,"2024-06-03 08:24:13","2024-06-04 18:14:32",NA,NA,NA,NA,NA,NA,7,7,7,6,2,4,6,6,6,1,1972,1,1,2,3,7,7,7,NA,NA,NA,NA,NA,NA,NA,NA,NA,NA,NA,NA,NA,NA,NA,NA,1,1,1,"","","","","","","","",NA,NA,NA,NA,NA,NA,NA,NA,NA,NA,NA,NA,551,11,1,1,1
"334",1,1,80,"FR",7094,2262,"2024-06-03 09:15:56","2024-06-03 09:53:39",4,5,5,6,7,7,5,3,4,7,7,6,5,4,3,2,31,2,1,2,2,7,1,7,4,5,1,1,1,5,4,6,5,4,3,5,5,NA,NA,NA,0,0,0,"","","","","","","","",NA,NA,NA,NA,NA,NA,NA,NA,NA,NA,NA,NA,261,11,1,1,1
"335",1,0,14,"DE",4844,305,"2024-06-03 09:19:30","2024-06-03 09:24:35",NA,NA,NA,NA,NA,NA,NA,NA,NA,NA,NA,NA,NA,NA,NA,NA,31,2,1,2,4,5,2,5,NA,NA,NA,NA,NA,NA,NA,NA,NA,NA,NA,NA,NA,NA,NA,NA,1,1,1,"","","","","","","","",NA,NA,NA,NA,NA,NA,NA,NA,NA,NA,NA,NA,3426,21,4,2,1
"336",1,1,77,"DE",9461,1035,"2024-06-03 09:23:24","2024-06-03 09:40:39",5,6,5,5,6,4,5,6,5,7,2,5,6,6,3,2,47,2,1,1,4,6,1,6,7,6,1,1,1,7,7,6,6,6,6,5,6,NA,NA,NA,0,0,0,"","","","","","","","",NA,NA,NA,NA,NA,NA,NA,NA,NA,NA,NA,NA,3787,13,3,1,1
"337",1,0,92,"DE",1904,186674,"2024-06-03 10:20:26","2024-06-05 14:11:41",2,4,3,5,3,5,4,4,4,4,4,4,1,4,4,4,47,99,1,1,5,7,4,4,7,4,1,1,1,3,3,3,4,4,4,4,3,NA,NA,NA,0,0,0,"Horizontale Freiflächen Agri-PV-Anlage auf Weide- oder Ackerland,Bis zu einem Fussballfeld (ca. 1ha),1500-4500 Meter,Regionaler Energieversorger,0-5% Reduzierung des Ernteertrags,0-5% Erhöhung der Eigenproduktion,41-80% höheres Einkommen","Horizontale Freiflächen Agri-PV-Anlage auf Weide- oder Ackerland,Bis zu 5 Fussballfelder (ca. 5ha),1500-4500 Meter,Externe (nicht lokale) Investoren,21-40% Reduzierung des Ernteertrags,21-40% Erhöhung der Eigenproduktion,6-10% höheres Einkommen","Agri-PV-Anlage auf Gewächshäusern und Ersatz von Folientunneln,Bis zu 5 Fussballfelder (ca. 5ha),0-500 Meter,Externe (nicht lokale) Investoren,0-5% Reduzierung des Ernteertrags,21-40% Erhöhung der Eigenproduktion,11-20% höheres Einkommen","Horizontale Freiflächen Agri-PV-Anlage auf Weide- oder Ackerland,Bis zu einem Fussballfeld (ca. 1ha),1500-4500 Meter,Energiegenossenschaft (z.B. lokale Bevölkerung),21-40% Reduzierung des Ernteertrags,11-20% Erhöhung der Eigenproduktion,21-40% höheres Einkommen","Horizontale Freiflächen Agri-PV-Anlage auf Weide- oder Ackerland,Bis zu 10 Fussballfelder (ca. 10ha),1500-4500 Meter,Externe (nicht lokale) Investoren,41-80% Reduzierung des Ernteertrags,11-20% Erhöhung der Eigenproduktion,11-20% höheres Einkommen","Agri-PV-Anlage auf Gewächshäusern und Ersatz von Folientunneln,Bis zu 5 Fussballfelder (ca. 5ha),500-1500 Meter,Bäuerinnen und Bauern,11-20% Reduzierung des Ernteertrags,0-5% Erhöhung der Eigenproduktion,21-40% höheres Einkommen","Agri-PV-Anlage auf Gewächshäusern und Ersatz von Folientunneln,Bis zu 10 Fussballfelder (ca. 10ha),500-1500 Meter,Gemeinde,6-10% Reduzierung des Ernteertrags,21-40% Erhöhung der Eigenproduktion,41-80% höheres Einkommen","Agri-PV-Anlage auf Gewächshäusern und Ersatz von Folientunneln,Bis zu einem Fussballfeld (ca. 1ha),1500-4500 Meter,Externe (nicht lokale) Investoren,0-5% Reduzierung des Ernteertrags,0-5% Erhöhung der Eigenproduktion,21-40% höheres Einkommen",1,5,3,1,7,1,2,1,5,1,5,4,392,22,5,2,1
"338",1,1,88,"DE",6191,1914,"2024-06-03 10:32:01","2024-06-03 11:03:55",4,4,4,4,4,4,5,5,5,6,5,4,5,4,4,4,56,1,1,1,5,6,1,6,2,4,1,3,3,5,5,4,4,4,4,4,3,NA,NA,NA,0,0,0,"Agri-PV-Anlage auf Gewächshäusern und Ersatz von Folientunneln,Bis zu einem Fussballfeld (ca. 1ha),500-1500 Meter,Gemeinde,21-40% Reduzierung des Ernteertrags,41-80% Erhöhung der Eigenproduktion,6-10% höheres Einkommen","Agri-PV-Anlage auf Gewächshäusern und Ersatz von Folientunneln,Bis zu einem Fussballfeld (ca. 1ha),0-500 Meter,Externe (nicht lokale) Investoren,0-5% Reduzierung des Ernteertrags,6-10% Erhöhung der Eigenproduktion ,41-80% höheres Einkommen","Horizontale Freiflächen Agri-PV-Anlage auf Weide- oder Ackerland,Bis zu 10 Fussballfelder (ca. 10ha),500-1500 Meter,Bäuerinnen und Bauern,6-10% Reduzierung des Ernteertrags,0-5% Erhöhung der Eigenproduktion,21-40% höheres Einkommen","Horizontale Freiflächen Agri-PV-Anlage auf Weide- oder Ackerland,Bis zu 5 Fussballfelder (ca. 5ha),500-1500 Meter,Gemeinde,11-20% Reduzierung des Ernteertrags,0-5% Erhöhung der Eigenproduktion,6-10% höheres Einkommen","Horizontale Freiflächen Agri-PV-Anlage auf Weide- oder Ackerland,Bis zu 10 Fussballfelder (ca. 10ha),500-1500 Meter,Externe (nicht lokale) Investoren,21-40% Reduzierung des Ernteertrags,21-40% Erhöhung der Eigenproduktion,11-20% höheres Einkommen","Vertikale Freiflächen Agri-PV-Anlage auf Weide- oder Ackerland,Bis zu 5 Fussballfelder (ca. 5ha),500-1500 Meter,Bäuerinnen und Bauern,11-20% Reduzierung des Ernteertrags,0-5% Erhöhung der Eigenproduktion,0-5% höheres Einkommen","Agri-PV-Anlage auf Gewächshäusern und Ersatz von Folientunneln,Bis zu 10 Fussballfelder (ca. 10ha),0-500 Meter,Energiegenossenschaft (z.B. lokale Bevölkerung),11-20% Reduzierung des Ernteertrags,21-40% Erhöhung der Eigenproduktion,6-10% höheres Einkommen","Vertikale Freiflächen Agri-PV-Anlage auf Weide- oder Ackerland,Bis zu 10 Fussballfelder (ca. 10ha),500-1500 Meter,Externe (nicht lokale) Investoren,21-40% Reduzierung des Ernteertrags,41-80% Erhöhung der Eigenproduktion,6-10% höheres Einkommen",1,4,4,1,4,4,1,4,4,1,4,4,2495,12,2,1,1
"339",1,0,80,"FR",14823,2396,"2024-06-03 10:55:04","2024-06-03 11:35:00",1,1,1,1,1,1,6,4,5,6,1,5,2,5,4,4,49,2,1,2,4,7,6,2,5,1,1,1,1,1,1,1,1,1,1,1,1,NA,NA,NA,0,0,0,"Surfaces libres horizontales pour installations agri-PV sur des pâturage ou des terres cultivées,Jusqu'à 10 terrains de football (env. 10ha),0-500 mètres,Coopérative énergétique (par ex. citoyens locaux),Réduction de 41-80% du rendement de la récolte,Augmentation de 21-40% de la production propre,Augmentation de 21-40% du revenu des agriculteurs","Surfaces libres verticales pour installations agri-PV sur des pâturages ou des terres cultivées ,Jusqu'à un terrain de football (env. 1ha),500-1500 mètres,Propriétaire du terrain,Réduction de 0-5% du rendement de la récolte,Augmentation de 0-5% de la production propre,Augmentation de 21-40% du revenu des agriculteurs","","","","","","",NA,NA,NA,NA,NA,NA,NA,NA,NA,NA,NA,NA,5586,11,1,1,1
"340",NA,1,0,"FR",1933,24702,"2024-06-03 11:11:53","2024-06-03 18:03:36",NA,NA,NA,NA,NA,NA,NA,NA,NA,NA,NA,NA,NA,NA,NA,NA,NA,NA,NA,NA,NA,NA,NA,NA,NA,NA,NA,NA,NA,NA,NA,NA,NA,NA,NA,NA,NA,NA,NA,NA,0,1,1,"","","","","","","","",NA,NA,NA,NA,NA,NA,NA,NA,NA,NA,NA,NA,6487,22,5,2,1
"341",1,0,82,"DE",3923,6377,"2024-06-03 11:21:59","2024-06-03 13:08:17",7,5,7,7,7,6,7,6,6,7,6,6,6,6,2,2,57,1,1,1,4,6,2,5,4,7,1,3,3,6,6,6,7,7,7,6,6,NA,NA,NA,0,0,0,"Horizontale Freiflächen Agri-PV-Anlage auf Weide- oder Ackerland,Bis zu einem Fussballfeld (ca. 1ha),0-500 Meter,Regionaler Energieversorger,0-5% Reduzierung des Ernteertrags,0-5% Erhöhung der Eigenproduktion,6-10% höheres Einkommen","Horizontale Freiflächen Agri-PV-Anlage auf Weide- oder Ackerland,Bis zu einem Fussballfeld (ca. 1ha),500-1500 Meter,Grundstückseigentümer,21-40% Reduzierung des Ernteertrags,41-80% Erhöhung der Eigenproduktion,11-20% höheres Einkommen","Vertikale Freiflächen Agri-PV-Anlage auf Weide- oder Ackerland,Bis zu 5 Fussballfelder (ca. 5ha),1500-4500 Meter,Energiegenossenschaft (z.B. lokale Bevölkerung),6-10% Reduzierung des Ernteertrags,6-10% Erhöhung der Eigenproduktion ,11-20% höheres Einkommen","Agri-PV-Anlage auf Gewächshäusern und Ersatz von Folientunneln,Bis zu 10 Fussballfelder (ca. 10ha),0-500 Meter,Externe (nicht lokale) Investoren,6-10% Reduzierung des Ernteertrags,41-80% Erhöhung der Eigenproduktion,6-10% höheres Einkommen","","","","",1,4,4,NA,NA,NA,NA,NA,NA,NA,NA,NA,4095,12,2,1,1
"342",NA,0,0,"DE",7753,NA,"2024-06-03 12:01:18","2024-06-03 12:01:18",NA,NA,NA,NA,NA,NA,NA,NA,NA,NA,NA,NA,NA,NA,NA,NA,NA,NA,NA,NA,NA,NA,NA,NA,NA,NA,NA,NA,NA,NA,NA,NA,NA,NA,NA,NA,NA,NA,NA,NA,0,0,1,"","","","","","","","",NA,NA,NA,NA,NA,NA,NA,NA,NA,NA,NA,NA,57,11,1,1,1
"343",NA,1,0,"DE",938,NA,"2024-06-03 13:04:27","2024-06-03 13:04:27",NA,NA,NA,NA,NA,NA,NA,NA,NA,NA,NA,NA,NA,NA,NA,NA,NA,NA,NA,NA,NA,NA,NA,NA,NA,NA,NA,NA,NA,NA,NA,NA,NA,NA,NA,NA,NA,NA,NA,NA,1,0,0,"","","","","","","","",NA,NA,NA,NA,NA,NA,NA,NA,NA,NA,NA,NA,4012,12,2,1,1
"344",1,1,42,"FR",9129,16419,"2024-06-03 13:10:25","2024-06-03 17:44:04",NA,NA,NA,NA,NA,NA,3,4,4,4,4,4,4,4,4,4,19,2,1,2,3,3,4,6,NA,NA,NA,NA,NA,NA,NA,NA,NA,NA,NA,NA,NA,NA,NA,NA,0,0,0,"","","","","","","","",NA,NA,NA,NA,NA,NA,NA,NA,NA,NA,NA,NA,6238,22,5,2,1
"345",1,1,69,"FR",806,2066,"2024-06-03 13:37:50","2024-06-03 14:12:16",NA,NA,NA,NA,NA,NA,7,7,7,7,7,7,2,7,7,1,51,1,1,1,1,7,1,7,4,7,1,3,3,7,7,7,7,7,7,NA,NA,NA,NA,NA,1,1,1,"","","","","","","","",NA,NA,NA,NA,NA,NA,NA,NA,NA,NA,NA,NA,6708,22,5,2,1
"346",1,0,1,"DE",3222,50,"2024-06-03 14:05:50","2024-06-03 14:06:41",NA,NA,NA,NA,NA,NA,NA,NA,NA,NA,NA,NA,NA,NA,NA,NA,NA,NA,NA,NA,NA,NA,NA,NA,NA,NA,NA,NA,NA,NA,NA,NA,NA,NA,NA,NA,NA,NA,NA,NA,1,0,0,"","","","","","","","",NA,NA,NA,NA,NA,NA,NA,NA,NA,NA,NA,NA,1372,13,3,1,1
"347",1,1,43,"DE",11961,391,"2024-06-03 14:47:27","2024-06-03 14:53:58",NA,NA,NA,NA,NA,NA,NA,NA,NA,NA,NA,NA,NA,NA,NA,NA,27,2,1,1,5,5,3,5,NA,NA,NA,NA,NA,NA,NA,NA,NA,NA,NA,NA,NA,NA,NA,NA,0,0,0,"","","","","","","","",NA,NA,NA,NA,NA,NA,NA,NA,NA,NA,NA,NA,191,11,1,1,1
"348",1,1,80,"DE",7815,995,"2024-06-03 14:47:32","2024-06-03 15:04:07",3,4,5,6,6,5,6,4,5,6,5,5,5,5,3,3,46,2,1,1,4,5,3,5,1,7,1,1,1,7,7,5,5,5,3,4,4,NA,NA,NA,1,1,1,"Vertikale Freiflächen Agri-PV-Anlage auf Weide- oder Ackerland,Bis zu einem Fussballfeld (ca. 1ha),0-500 Meter,Externe (nicht lokale) Investoren,0-5% Reduzierung des Ernteertrags,11-20% Erhöhung der Eigenproduktion,0-5% höheres Einkommen","Horizontale Freiflächen Agri-PV-Anlage auf Weide- oder Ackerland,Bis zu 5 Fussballfelder (ca. 5ha),1500-4500 Meter,Bäuerinnen und Bauern,0-5% Reduzierung des Ernteertrags,11-20% Erhöhung der Eigenproduktion,21-40% höheres Einkommen","","","","","","",NA,NA,NA,NA,NA,NA,NA,NA,NA,NA,NA,NA,4545,32,8,3,1
"349",1,1,82,"DE",4690,2938,"2024-06-03 16:38:54","2024-06-03 17:27:52",4,4,4,4,4,4,5,3,5,6,3,4,3,3,5,3,39,2,1,2,2,5,5,3,3,4,3,3,3,4,4,4,4,4,4,4,4,NA,NA,NA,1,0,0,"Agri-PV-Anlage auf Gewächshäusern und Ersatz von Folientunneln,Bis zu einem Fussballfeld (ca. 1ha),0-500 Meter,Energiegenossenschaft (z.B. lokale Bevölkerung),41-80% Reduzierung des Ernteertrags,11-20% Erhöhung der Eigenproduktion,6-10% höheres Einkommen","Agri-PV-Anlage auf Gewächshäusern und Ersatz von Folientunneln,Bis zu einem Fussballfeld (ca. 1ha),1500-4500 Meter,Bäuerinnen und Bauern,6-10% Reduzierung des Ernteertrags,0-5% Erhöhung der Eigenproduktion,11-20% höheres Einkommen","","","","","","",1,5,5,NA,NA,NA,NA,NA,NA,NA,NA,NA,1331,13,3,1,1
"350",1,1,80,"DE",7881,17803,"2024-06-03 17:05:49","2024-06-03 22:02:32",6,5,4,6,5,6,7,2,6,7,7,6,7,7,2,5,65,1,1,1,1,4,1,6,2,7,1,1,1,6,5,6,6,6,6,6,7,NA,NA,NA,0,0,0,"","","","","","","","",NA,NA,NA,NA,NA,NA,NA,NA,NA,NA,NA,NA,3921,31,7,3,1
"351",1,1,73,"DE",1934,8974,"2024-06-03 17:34:41","2024-06-03 20:04:16",NA,NA,NA,NA,NA,NA,3,2,2,5,1,5,1,6,4,4,56,2,1,1,1,1,1,7,2,5,1,1,1,5,5,5,3,2,2,3,NA,NA,NA,NA,1,1,1,"","","","","","","","",NA,NA,NA,NA,NA,NA,NA,NA,NA,NA,NA,NA,2303,32,8,3,1
"352",1,1,59,"FR",6671,4038,"2024-06-03 18:04:58","2024-06-03 19:12:16",NA,NA,NA,NA,NA,NA,6,6,5,6,4,4,4,5,5,5,49,2,1,2,2,7,3,5,4,4,1,1,1,NA,NA,NA,NA,NA,NA,NA,NA,NA,NA,NA,0,0,0,"","","","","","","","",NA,NA,NA,NA,NA,NA,NA,NA,NA,NA,NA,NA,5586,11,1,1,1
"353",NA,1,0,"DE",402,NA,"2024-06-03 18:13:25","2024-06-03 18:13:25",NA,NA,NA,NA,NA,NA,NA,NA,NA,NA,NA,NA,NA,NA,NA,NA,NA,NA,NA,NA,NA,NA,NA,NA,NA,NA,NA,NA,NA,NA,NA,NA,NA,NA,NA,NA,NA,NA,NA,NA,0,0,1,"","","","","","","","",NA,NA,NA,NA,NA,NA,NA,NA,NA,NA,NA,NA,4303,13,3,1,1
"354",1,1,43,"DE",8231,377,"2024-06-03 18:26:31","2024-06-03 18:32:49",NA,NA,NA,NA,NA,NA,6,5,NA,NA,NA,NA,NA,NA,NA,NA,27,1,1,1,1,4,3,3,NA,NA,NA,NA,NA,NA,NA,NA,NA,NA,NA,NA,NA,NA,NA,NA,0,0,0,"","","","","","","","",NA,NA,NA,NA,NA,NA,NA,NA,NA,NA,NA,NA,3379,13,3,1,1
"355",1,0,8,"EN",8769,503,"2024-06-03 19:23:11","2024-06-03 19:31:35",NA,NA,NA,NA,NA,NA,NA,NA,NA,NA,NA,NA,NA,NA,NA,NA,35,1,1,2,2,NA,NA,NA,NA,NA,NA,NA,NA,NA,NA,NA,NA,NA,NA,NA,NA,NA,NA,NA,0,0,0,"","","","","","","","",NA,NA,NA,NA,NA,NA,NA,NA,NA,NA,NA,NA,230,12,2,1,1
"356",1,1,51,"DE",1585,1648,"2024-06-03 19:31:43","2024-06-03 19:59:11",NA,NA,NA,NA,NA,NA,4,5,5,5,3,4,3,5,5,3,41,2,1,1,4,4,4,5,1,NA,NA,NA,NA,NA,NA,NA,NA,NA,NA,NA,NA,NA,NA,NA,1,1,1,"","","","","","","","",NA,NA,NA,NA,NA,NA,NA,NA,NA,NA,NA,NA,4781,22,5,2,1
"357",1,1,25,"DE",12050,502,"2024-06-03 19:34:37","2024-06-03 19:43:00",NA,NA,NA,NA,NA,NA,NA,NA,NA,NA,NA,NA,NA,NA,NA,NA,62,1,1,1,2,7,5,4,NA,NA,NA,NA,NA,NA,NA,NA,NA,NA,NA,NA,NA,NA,NA,NA,1,0,0,"","","","","","","","",NA,NA,NA,NA,NA,NA,NA,NA,NA,NA,NA,NA,1374,32,8,3,1
"358",1,1,80,"EN",5008,1879,"2024-06-03 19:44:06","2024-06-03 20:15:25",4,4,4,4,4,4,5,4,4,4,4,4,4,4,4,4,44,1,1,2,4,4,4,4,1,4,1,1,1,4,4,4,4,4,4,4,2,NA,NA,NA,0,0,0,"Agri-PV systems on greenhouses and replacement of polytunnels,Up to 10 football pitches (approx. 10ha),500-1500 meters,Landowner,11-20% reduction in crop yield,0-5% increase in own production,0-5% higher income","Vertical open space Agri-PV systems on pasture or arable land,Up to 10 football pitches (approx. 10ha),500-1500 meters,Energy cooperative (e.g. local population),6-10% reduction in crop yield,41-80% increase in own production,6-10% higher income","","","","","","",NA,NA,NA,NA,NA,NA,NA,NA,NA,NA,NA,NA,2701,11,1,1,1
"359",1,1,82,"DE",6993,2652,"2024-06-03 20:50:32","2024-06-03 21:34:44",1,4,2,5,5,5,6,6,6,5,3,4,5,5,3,3,46,1,1,1,5,6,3,4,2,5,1,1,1,3,3,3,3,2,1,3,3,NA,NA,NA,0,0,0,"Agri-PV-Anlage auf Gewächshäusern und Ersatz von Folientunneln,Bis zu 10 Fussballfelder (ca. 10ha),0-500 Meter,Regionaler Energieversorger,11-20% Reduzierung des Ernteertrags,0-5% Erhöhung der Eigenproduktion,21-40% höheres Einkommen","Horizontale Freiflächen Agri-PV-Anlage auf Weide- oder Ackerland,Bis zu 5 Fussballfelder (ca. 5ha),1500-4500 Meter,Externe (nicht lokale) Investoren,0-5% Reduzierung des Ernteertrags,21-40% Erhöhung der Eigenproduktion,41-80% höheres Einkommen","Agri-PV-Anlage auf Gewächshäusern und Ersatz von Folientunneln,Bis zu 5 Fussballfelder (ca. 5ha),1500-4500 Meter,Energiegenossenschaft (z.B. lokale Bevölkerung),0-5% Reduzierung des Ernteertrags,0-5% Erhöhung der Eigenproduktion,21-40% höheres Einkommen","Agri-PV-Anlage auf Gewächshäusern und Ersatz von Folientunneln,Bis zu einem Fussballfeld (ca. 1ha),1500-4500 Meter,Grundstückseigentümer,0-5% Reduzierung des Ernteertrags,6-10% Erhöhung der Eigenproduktion ,0-5% höheres Einkommen","","","","",2,3,5,NA,NA,NA,NA,NA,NA,NA,NA,NA,3379,13,3,1,1
"360",NA,1,0,"EN",5232,NA,"2024-06-03 21:20:06","2024-06-03 21:20:06",NA,NA,NA,NA,NA,NA,NA,NA,NA,NA,NA,NA,NA,NA,NA,NA,NA,NA,NA,NA,NA,NA,NA,NA,NA,NA,NA,NA,NA,NA,NA,NA,NA,NA,NA,NA,NA,NA,NA,NA,0,0,0,"","","","","","","","",NA,NA,NA,NA,NA,NA,NA,NA,NA,NA,NA,NA,5586,11,1,1,1
"361",NA,0,0,"DE",567,NA,"2024-06-04 02:00:55","2024-06-04 02:00:56",NA,NA,NA,NA,NA,NA,NA,NA,NA,NA,NA,NA,NA,NA,NA,NA,NA,NA,NA,NA,NA,NA,NA,NA,NA,NA,NA,NA,NA,NA,NA,NA,NA,NA,NA,NA,NA,NA,NA,NA,0,0,0,"","","","","","","","",NA,NA,NA,NA,NA,NA,NA,NA,NA,NA,NA,NA,69,11,1,1,1
"362",1,1,9,"DE",6140,522,"2024-06-04 07:42:30","2024-06-04 07:51:13",NA,NA,NA,NA,NA,NA,NA,NA,NA,NA,NA,NA,NA,NA,NA,NA,41,2,1,1,4,NA,NA,NA,NA,NA,NA,NA,NA,NA,NA,NA,NA,NA,NA,NA,NA,NA,NA,NA,0,1,0,"","","","","","","","",NA,NA,NA,NA,NA,NA,NA,NA,NA,NA,NA,NA,3392,31,7,3,1
"363",NA,1,0,"DE",3653,206,"2024-06-04 07:47:10","2024-06-04 07:50:37",NA,NA,NA,NA,NA,NA,NA,NA,NA,NA,NA,NA,NA,NA,NA,NA,NA,NA,NA,NA,NA,NA,NA,NA,NA,NA,NA,NA,NA,NA,NA,NA,NA,NA,NA,NA,NA,NA,NA,NA,1,1,0,"","","","","","","","",NA,NA,NA,NA,NA,NA,NA,NA,NA,NA,NA,NA,194,11,1,1,1
"364",1,0,25,"DE",16153,443,"2024-06-04 08:08:52","2024-06-04 08:16:15",NA,NA,NA,NA,NA,NA,NA,NA,NA,NA,NA,NA,NA,NA,NA,NA,50,2,1,1,3,6,4,3,NA,NA,NA,NA,NA,NA,NA,NA,NA,NA,NA,NA,NA,NA,NA,NA,0,0,0,"","","","","","","","",NA,NA,NA,NA,NA,NA,NA,NA,NA,NA,NA,NA,6007,13,3,1,1
"365",1,0,69,"DE",15494,692,"2024-06-04 12:04:58","2024-06-04 12:16:31",NA,NA,NA,NA,NA,NA,2,7,3,7,1,1,1,7,3,6,23,1,1,1,4,5,7,5,4,4,1,1,1,4,4,1,4,4,4,NA,NA,NA,NA,NA,1,1,0,"","","","","","","","",NA,NA,NA,NA,NA,NA,NA,NA,NA,NA,NA,NA,1347,22,5,2,1
"366",1,1,74,"DE",11779,1558,"2024-06-04 12:12:43","2024-06-04 12:38:41",NA,NA,NA,NA,NA,NA,3,6,4,7,2,5,1,5,2,3,30,1,1,1,3,5,3,5,1,4,1,1,3,3,3,3,3,2,2,4,4,NA,NA,NA,0,0,1,"","","","","","","","",NA,NA,NA,NA,NA,NA,NA,NA,NA,NA,NA,NA,4063,11,1,1,1
"367",1,1,80,"DE",4789,2092,"2024-06-04 12:19:24","2024-06-04 12:54:17",6,5,4,6,4,5,5,2,6,7,6,6,4,5,2,3,58,1,1,1,4,6,2,6,4,7,3,3,1,6,6,6,6,6,6,6,6,NA,NA,NA,1,1,0,"","","","","","","","",NA,NA,NA,NA,NA,NA,NA,NA,NA,NA,NA,NA,2962,32,8,3,1
"368",1,1,35,"FR",6856,342,"2024-06-04 12:27:28","2024-06-04 12:33:10",NA,NA,NA,NA,NA,NA,NA,NA,NA,NA,NA,NA,NA,NA,NA,NA,58,1,1,1,4,7,4,7,NA,NA,NA,NA,NA,NA,NA,NA,NA,NA,NA,NA,NA,NA,NA,NA,0,0,0,"","","","","","","","",NA,NA,NA,NA,NA,NA,NA,NA,NA,NA,NA,NA,6153,13,3,1,1
"369",1,1,43,"FR",828,504,"2024-06-04 15:58:40","2024-06-04 16:07:05",NA,NA,NA,NA,NA,NA,5,7,2,5,1,6,3,5,5,6,28,1,1,2,1,5,3,4,NA,NA,NA,NA,NA,NA,NA,NA,NA,NA,NA,NA,NA,NA,NA,NA,0,0,0,"","","","","","","","",NA,NA,NA,NA,NA,NA,NA,NA,NA,NA,NA,NA,6248,13,3,1,1
"370",1,1,74,"EN",1666,1716,"2024-06-04 17:19:05","2024-06-04 17:47:42",NA,NA,NA,NA,NA,NA,7,3,6,7,3,6,6,6,3,3,51,2,1,2,3,6,1,5,2,3,1,1,3,4,3,4,4,2,2,2,2,NA,NA,NA,0,0,0,"","","","","","","","",NA,NA,NA,NA,NA,NA,NA,NA,NA,NA,NA,NA,6621,11,1,1,1
"371",1,0,2,"FR",1024,40,"2024-06-04 17:46:21","2024-06-04 17:47:01",NA,NA,NA,NA,NA,NA,NA,NA,NA,NA,NA,NA,NA,NA,NA,NA,65,NA,NA,NA,NA,NA,NA,NA,NA,NA,NA,NA,NA,NA,NA,NA,NA,NA,NA,NA,NA,NA,NA,NA,0,0,0,"","","","","","","","",NA,NA,NA,NA,NA,NA,NA,NA,NA,NA,NA,NA,6459,12,2,1,1
"372",1,1,12,"DE",4770,318,"2024-06-04 18:02:17","2024-06-04 18:07:36",NA,NA,NA,NA,NA,NA,NA,NA,NA,NA,NA,NA,NA,NA,NA,NA,57,1,1,1,5,6,2,5,NA,NA,NA,NA,NA,NA,NA,NA,NA,NA,NA,NA,NA,NA,NA,NA,0,0,0,"","","","","","","","",NA,NA,NA,NA,NA,NA,NA,NA,NA,NA,NA,NA,6177,23,6,2,1
"373",1,1,88,"DE",6923,1834,"2024-06-04 21:41:08","2024-06-04 22:11:43",1,1,7,1,2,1,7,4,5,4,4,4,4,4,4,5,47,2,1,1,3,5,7,7,4,4,1,1,1,4,4,4,4,2,4,4,3,NA,NA,NA,0,0,0,"Vertikale Freiflächen Agri-PV-Anlage auf Weide- oder Ackerland,Bis zu einem Fussballfeld (ca. 1ha),0-500 Meter,Grundstückseigentümer,11-20% Reduzierung des Ernteertrags,0-5% Erhöhung der Eigenproduktion,41-80% höheres Einkommen","Agri-PV-Anlage auf Gewächshäusern und Ersatz von Folientunneln,Bis zu 10 Fussballfelder (ca. 10ha),500-1500 Meter,Gemeinde,11-20% Reduzierung des Ernteertrags,21-40% Erhöhung der Eigenproduktion,0-5% höheres Einkommen","Vertikale Freiflächen Agri-PV-Anlage auf Weide- oder Ackerland,Bis zu 5 Fussballfelder (ca. 5ha),500-1500 Meter,Energiegenossenschaft (z.B. lokale Bevölkerung),11-20% Reduzierung des Ernteertrags,11-20% Erhöhung der Eigenproduktion,0-5% höheres Einkommen","Vertikale Freiflächen Agri-PV-Anlage auf Weide- oder Ackerland,Bis zu 5 Fussballfelder (ca. 5ha),500-1500 Meter,Regionaler Energieversorger,41-80% Reduzierung des Ernteertrags,21-40% Erhöhung der Eigenproduktion,11-20% höheres Einkommen","Horizontale Freiflächen Agri-PV-Anlage auf Weide- oder Ackerland,Bis zu 5 Fussballfelder (ca. 5ha),0-500 Meter,Externe (nicht lokale) Investoren,41-80% Reduzierung des Ernteertrags,0-5% Erhöhung der Eigenproduktion,11-20% höheres Einkommen","Horizontale Freiflächen Agri-PV-Anlage auf Weide- oder Ackerland,Bis zu 5 Fussballfelder (ca. 5ha),500-1500 Meter,Externe (nicht lokale) Investoren,0-5% Reduzierung des Ernteertrags,11-20% Erhöhung der Eigenproduktion,0-5% höheres Einkommen","Vertikale Freiflächen Agri-PV-Anlage auf Weide- oder Ackerland,Bis zu 5 Fussballfelder (ca. 5ha),1500-4500 Meter,Grundstückseigentümer,21-40% Reduzierung des Ernteertrags,41-80% Erhöhung der Eigenproduktion,11-20% höheres Einkommen","Horizontale Freiflächen Agri-PV-Anlage auf Weide- oder Ackerland,Bis zu einem Fussballfeld (ca. 1ha),1500-4500 Meter,Regionaler Energieversorger,11-20% Reduzierung des Ernteertrags,0-5% Erhöhung der Eigenproduktion,0-5% höheres Einkommen",1,4,4,1,4,4,1,4,4,2,4,4,243,11,1,1,1
"374",1,0,38,"FR",8894,1184,"2024-06-05 08:38:55","2024-06-05 08:58:40",NA,NA,NA,NA,NA,NA,6,6,4,4,6,4,2,4,4,4,33,2,1,1,2,5,3,4,NA,NA,NA,NA,NA,NA,NA,NA,NA,NA,NA,NA,NA,NA,NA,NA,0,0,0,"","","","","","","","",NA,NA,NA,NA,NA,NA,NA,NA,NA,NA,NA,NA,5586,11,1,1,1
"375",NA,1,0,"DE",3353,NA,"2024-06-05 08:56:09","2024-06-05 08:56:09",NA,NA,NA,NA,NA,NA,NA,NA,NA,NA,NA,NA,NA,NA,NA,NA,NA,NA,NA,NA,NA,NA,NA,NA,NA,NA,NA,NA,NA,NA,NA,NA,NA,NA,NA,NA,NA,NA,NA,NA,0,0,0,"","","","","","","","",NA,NA,NA,NA,NA,NA,NA,NA,NA,NA,NA,NA,62,11,1,1,1
"376",1,1,69,"DE",2115,5180,"2024-06-05 09:03:59","2024-06-05 10:30:20",NA,NA,NA,NA,NA,NA,5,7,5,6,3,3,1,5,5,3,60,2,1,1,2,2,7,1,1,6,1,1,1,5,5,4,NA,NA,NA,NA,NA,NA,NA,NA,0,0,0,"","","","","","","","",NA,NA,NA,NA,NA,NA,NA,NA,NA,NA,NA,NA,5587,11,1,1,1
"377",1,0,80,"EN",6550,1959,"2024-06-05 10:33:59","2024-06-05 11:06:39",4,4,4,4,4,4,5,5,5,5,6,7,5,4,4,3,43,1,1,1,3,4,5,3,1,7,1,1,1,5,5,5,4,4,4,4,4,NA,NA,NA,0,0,0,"Horizontal open space Agri-PV systems on pasture or arable land,Up to one football pitch (approx. 1ha),0-500 meters,Energy cooperative (e.g. local population),6-10% reduction in crop yield,6-10% increase in own production ,6-10% higher income","Vertical open space Agri-PV systems on pasture or arable land,Up to 5 football pitches (approx. 5ha),0-500 meters,Municipality,21-40% reduction in crop yield,6-10% increase in own production ,11-20% higher income","","","","","","",NA,NA,NA,NA,NA,NA,NA,NA,NA,NA,NA,NA,6458,12,2,1,1
"378",1,0,23,"FR",7585,359,"2024-06-05 14:28:25","2024-06-05 14:34:24",NA,NA,NA,NA,NA,NA,NA,NA,NA,NA,NA,NA,NA,NA,NA,NA,40,2,1,2,3,7,5,6,NA,NA,NA,NA,NA,NA,NA,NA,NA,NA,NA,NA,NA,NA,NA,NA,0,0,1,"","","","","","","","",NA,NA,NA,NA,NA,NA,NA,NA,NA,NA,NA,NA,2125,13,3,1,1
"379",1,0,25,"DE",7661,383,"2024-06-05 20:19:08","2024-06-05 20:25:31",NA,NA,NA,NA,NA,NA,NA,NA,NA,NA,NA,NA,NA,NA,NA,NA,34,2,1,1,3,3,4,4,NA,NA,NA,NA,NA,NA,NA,NA,NA,NA,NA,NA,NA,NA,NA,NA,1,1,1,"","","","","","","","",NA,NA,NA,NA,NA,NA,NA,NA,NA,NA,NA,NA,4076,32,8,3,1
"380",NA,1,0,"DE",11856,NA,"2024-06-05 20:57:55","2024-06-05 20:57:56",NA,NA,NA,NA,NA,NA,NA,NA,NA,NA,NA,NA,NA,NA,NA,NA,NA,NA,NA,NA,NA,NA,NA,NA,NA,NA,NA,NA,NA,NA,NA,NA,NA,NA,NA,NA,NA,NA,NA,NA,0,0,0,"","","","","","","","",NA,NA,NA,NA,NA,NA,NA,NA,NA,NA,NA,NA,1331,13,3,1,1
"381",NA,1,0,"DE",12590,121,"2024-06-06 00:28:18","2024-06-06 00:30:19",NA,NA,NA,NA,NA,NA,NA,NA,NA,NA,NA,NA,NA,NA,NA,NA,NA,NA,NA,NA,NA,NA,NA,NA,NA,NA,NA,NA,NA,NA,NA,NA,NA,NA,NA,NA,NA,NA,NA,NA,0,0,0,"","","","","","","","",NA,NA,NA,NA,NA,NA,NA,NA,NA,NA,NA,NA,4201,13,3,1,1
"382",1,1,62,"FR",13496,2027,"2024-06-06 13:10:03","2024-06-06 13:43:50",NA,NA,NA,NA,NA,NA,6,1,3,6,1,3,1,7,6,2,1977,1,1,2,1,7,2,7,5,7,1,1,1,6,1,NA,NA,NA,NA,NA,NA,NA,NA,NA,0,0,0,"","","","","","","","",NA,NA,NA,NA,NA,NA,NA,NA,NA,NA,NA,NA,6621,11,1,1,1
"383",1,1,43,"DE",1286,2113,"2024-06-06 16:47:09","2024-06-06 17:22:22",NA,NA,NA,NA,NA,NA,6,6,5,6,2,5,2,5,5,4,1959,2,1,1,2,6,5,3,NA,NA,NA,NA,NA,NA,NA,NA,NA,NA,NA,NA,NA,NA,NA,NA,1,1,1,"","","","","","","","",NA,NA,NA,NA,NA,NA,NA,NA,NA,NA,NA,NA,1031,13,3,1,1
"384",1,1,84,"FR",11342,2825,"2024-06-07 10:18:17","2024-06-07 11:05:22",5,5,5,5,5,5,6,5,4,7,5,6,6,6,6,4,56,2,1,1,4,6,2,6,5,6,1,1,3,6,6,6,6,6,6,6,6,NA,NA,NA,0,1,1,"Installations agri-PV sur des serres et remplacement de tunnels en plastique,Jusqu'à 10 terrains de football (env. 10ha),1500-4500 mètres,Fournisseur régional d'énergie,Réduction de 11-20% du rendement de la récolte,Augmentation de 21-40% de la production propre,Augmentation de 21-40% du revenu des agriculteurs","Installations agri-PV sur des serres et remplacement de tunnels en plastique,Jusqu'à 5 terrains de football (env. 5ha),500-1500 mètres,Paysans et paysannes,Réduction de 6-10% du rendement de la récolte,Augmentation de 6-10% de la production propre,Augmentation de 41-80% du revenu des agriculteurs","Installations agri-PV sur des serres et remplacement de tunnels en plastique,Jusqu'à 5 terrains de football (env. 5ha),500-1500 mètres,Propriétaire du terrain,Réduction de 11-20% du rendement de la récolte,Augmentation de 21-40% de la production propre,Augmentation de 11-20% du revenu des agriculteurs","Surfaces libres verticales pour installations agri-PV sur des pâturages ou des terres cultivées ,Jusqu'à 10 terrains de football (env. 10ha),500-1500 mètres,Paysans et paysannes,Réduction de 0-5% du rendement de la récolte,Augmentation de 0-5% de la production propre,Augmentation de 0-5% du revenu des agriculteurs","Surfaces libres verticales pour installations agri-PV sur des pâturages ou des terres cultivées ,Jusqu'à un terrain de football (env. 1ha),0-500 mètres,Commune,Réduction de 0-5% du rendement de la récolte,Augmentation de 0-5% de la production propre,Augmentation de 0-5% du revenu des agriculteurs","Installations agri-PV sur des serres et remplacement de tunnels en plastique,Jusqu'à 5 terrains de football (env. 5ha),1500-4500 mètres,Fournisseur régional d'énergie,Réduction de 0-5% du rendement de la récolte,Augmentation de 41-80% de la production propre,Augmentation de 41-80% du revenu des agriculteurs","","",1,6,5,1,6,6,NA,NA,NA,NA,NA,NA,2542,12,2,1,1
"385",1,1,80,"DE",16060,1583,"2024-06-07 20:22:56","2024-06-07 20:49:19",4,4,4,5,5,5,5,5,4,6,5,5,5,5,4,4,66,2,1,1,1,7,6,4,1,4,1,1,1,4,4,4,4,3,2,4,4,NA,NA,NA,0,0,0,"Agri-PV-Anlage auf Gewächshäusern und Ersatz von Folientunneln,Bis zu einem Fussballfeld (ca. 1ha),500-1500 Meter,Energiegenossenschaft (z.B. lokale Bevölkerung),0-5% Reduzierung des Ernteertrags,41-80% Erhöhung der Eigenproduktion,6-10% höheres Einkommen","Vertikale Freiflächen Agri-PV-Anlage auf Weide- oder Ackerland,Bis zu 10 Fussballfelder (ca. 10ha),500-1500 Meter,Bäuerinnen und Bauern,41-80% Reduzierung des Ernteertrags,41-80% Erhöhung der Eigenproduktion,11-20% höheres Einkommen","","","","","","",NA,NA,NA,NA,NA,NA,NA,NA,NA,NA,NA,NA,3901,12,2,1,1
"386",1,1,80,"DE",4707,4867,"2024-06-08 09:03:37","2024-06-08 10:24:44",2,5,6,4,5,4,2,5,2,6,2,6,2,3,2,6,60,1,1,1,1,6,1,7,3,6,1,1,1,5,5,5,6,6,6,6,5,NA,NA,NA,0,0,0,"Vertikale Freiflächen Agri-PV-Anlage auf Weide- oder Ackerland,Bis zu einem Fussballfeld (ca. 1ha),1500-4500 Meter,Regionaler Energieversorger,6-10% Reduzierung des Ernteertrags,11-20% Erhöhung der Eigenproduktion,6-10% höheres Einkommen","Agri-PV-Anlage auf Gewächshäusern und Ersatz von Folientunneln,Bis zu 10 Fussballfelder (ca. 10ha),500-1500 Meter,Bäuerinnen und Bauern,21-40% Reduzierung des Ernteertrags,6-10% Erhöhung der Eigenproduktion ,21-40% höheres Einkommen","","","","","","",NA,NA,NA,NA,NA,NA,NA,NA,NA,NA,NA,NA,351,11,1,1,1
"387",1,1,58,"FR",8127,959,"2024-06-08 15:27:32","2024-06-08 15:43:32",NA,NA,NA,NA,NA,NA,5,3,5,7,7,7,7,7,4,4,33,2,1,1,4,7,1,7,2,7,NA,NA,NA,NA,NA,NA,NA,NA,NA,NA,NA,NA,NA,NA,1,0,1,"","","","","","","","",NA,NA,NA,NA,NA,NA,NA,NA,NA,NA,NA,NA,5643,11,1,1,1
"388",1,1,55,"DE",6633,1446,"2024-06-09 10:58:14","2024-06-09 11:22:20",NA,NA,NA,NA,NA,NA,7,7,1,7,1,1,3,7,7,5,61,2,1,1,2,7,5,6,1,1,NA,NA,NA,NA,NA,NA,NA,NA,NA,NA,NA,NA,NA,NA,1,0,0,"","","","","","","","",NA,NA,NA,NA,NA,NA,NA,NA,NA,NA,NA,NA,843,31,7,3,1
"389",NA,1,0,"DE",2588,NA,"2024-06-09 11:43:21","2024-06-09 11:43:21",NA,NA,NA,NA,NA,NA,NA,NA,NA,NA,NA,NA,NA,NA,NA,NA,NA,NA,NA,NA,NA,NA,NA,NA,NA,NA,NA,NA,NA,NA,NA,NA,NA,NA,NA,NA,NA,NA,NA,NA,1,1,1,"","","","","","","","",NA,NA,NA,NA,NA,NA,NA,NA,NA,NA,NA,NA,321,32,8,3,1
"390",1,1,8,"DE",2553,21960,"2024-06-09 16:42:41","2024-06-09 22:48:42",NA,NA,NA,NA,NA,NA,NA,NA,NA,NA,NA,NA,NA,NA,NA,NA,36,1,1,1,5,NA,NA,NA,NA,NA,NA,NA,NA,NA,NA,NA,NA,NA,NA,NA,NA,NA,NA,NA,0,0,0,"","","","","","","","",NA,NA,NA,NA,NA,NA,NA,NA,NA,NA,NA,NA,902,31,7,3,1
"391",1,1,14,"DE",5588,299,"2024-06-09 17:25:44","2024-06-09 17:30:43",NA,NA,NA,NA,NA,NA,NA,NA,NA,NA,NA,NA,NA,NA,NA,NA,23,1,1,1,2,5,4,4,NA,NA,NA,NA,NA,NA,NA,NA,NA,NA,NA,NA,NA,NA,NA,NA,0,0,1,"","","","","","","","",NA,NA,NA,NA,NA,NA,NA,NA,NA,NA,NA,NA,4566,13,3,1,1
"392",1,1,77,"DE",11494,2274,"2024-06-09 17:34:25","2024-06-09 18:12:19",5,5,5,5,5,5,6,5,5,6,5,5,6,7,6,2,18,1,1,1,3,5,3,5,1,6,3,1,1,5,5,5,5,5,5,5,5,NA,NA,NA,1,0,0,"","","","","","","","",NA,NA,NA,NA,NA,NA,NA,NA,NA,NA,NA,NA,566,22,5,2,1
"393",1,1,77,"FR",9527,957,"2024-06-09 20:54:33","2024-06-09 21:10:31",6,7,4,7,4,6,6,2,5,6,3,5,5,5,5,4,24,2,1,1,3,6,1,7,2,7,1,1,1,7,7,7,6,6,6,6,7,NA,NA,NA,0,0,0,"","","","","","","","",NA,NA,NA,NA,NA,NA,NA,NA,NA,NA,NA,NA,6082,22,5,2,1
"394",1,1,80,"DE",13160,1229,"2024-06-10 08:18:41","2024-06-10 08:39:11",1,3,2,5,5,5,5,3,5,7,2,5,2,6,4,3,47,2,1,1,3,7,4,5,7,5,1,1,1,4,4,4,3,1,1,4,3,NA,NA,NA,1,1,1,"Vertikale Freiflächen Agri-PV-Anlage auf Weide- oder Ackerland,Bis zu einem Fussballfeld (ca. 1ha),500-1500 Meter,Gemeinde,41-80% Reduzierung des Ernteertrags,0-5% Erhöhung der Eigenproduktion,0-5% höheres Einkommen","Agri-PV-Anlage auf Gewächshäusern und Ersatz von Folientunneln,Bis zu 10 Fussballfelder (ca. 10ha),1500-4500 Meter,Grundstückseigentümer,6-10% Reduzierung des Ernteertrags,6-10% Erhöhung der Eigenproduktion ,21-40% höheres Einkommen","","","","","","",NA,NA,NA,NA,NA,NA,NA,NA,NA,NA,NA,NA,1081,31,7,3,1
"395",1,1,89,"DE",14120,31555,"2024-06-10 12:55:16","2024-06-10 21:41:12",6,6,6,6,6,7,7,NA,NA,NA,NA,NA,NA,NA,NA,NA,48,1,1,2,1,7,6,2,7,6,1,1,1,7,7,7,7,7,7,6,7,NA,NA,NA,0,0,0,"Horizontale Freiflächen Agri-PV-Anlage auf Weide- oder Ackerland,Bis zu 5 Fussballfelder (ca. 5ha),1500-4500 Meter,Grundstückseigentümer,41-80% Reduzierung des Ernteertrags,41-80% Erhöhung der Eigenproduktion,6-10% höheres Einkommen","Agri-PV-Anlage auf Gewächshäusern und Ersatz von Folientunneln,Bis zu einem Fussballfeld (ca. 1ha),1500-4500 Meter,Externe (nicht lokale) Investoren,11-20% Reduzierung des Ernteertrags,0-5% Erhöhung der Eigenproduktion,0-5% höheres Einkommen","Vertikale Freiflächen Agri-PV-Anlage auf Weide- oder Ackerland,Bis zu einem Fussballfeld (ca. 1ha),0-500 Meter,Externe (nicht lokale) Investoren,41-80% Reduzierung des Ernteertrags,11-20% Erhöhung der Eigenproduktion,0-5% höheres Einkommen","Horizontale Freiflächen Agri-PV-Anlage auf Weide- oder Ackerland,Bis zu einem Fussballfeld (ca. 1ha),1500-4500 Meter,Grundstückseigentümer,41-80% Reduzierung des Ernteertrags,0-5% Erhöhung der Eigenproduktion,21-40% höheres Einkommen","Agri-PV-Anlage auf Gewächshäusern und Ersatz von Folientunneln,Bis zu einem Fussballfeld (ca. 1ha),0-500 Meter,Grundstückseigentümer,41-80% Reduzierung des Ernteertrags,21-40% Erhöhung der Eigenproduktion,6-10% höheres Einkommen","Vertikale Freiflächen Agri-PV-Anlage auf Weide- oder Ackerland,Bis zu 10 Fussballfelder (ca. 10ha),500-1500 Meter,Grundstückseigentümer,0-5% Reduzierung des Ernteertrags,41-80% Erhöhung der Eigenproduktion,11-20% höheres Einkommen","Agri-PV-Anlage auf Gewächshäusern und Ersatz von Folientunneln,Bis zu 10 Fussballfelder (ca. 10ha),0-500 Meter,Grundstückseigentümer,41-80% Reduzierung des Ernteertrags,0-5% Erhöhung der Eigenproduktion,11-20% höheres Einkommen","Horizontale Freiflächen Agri-PV-Anlage auf Weide- oder Ackerland,Bis zu 5 Fussballfelder (ca. 5ha),0-500 Meter,Bäuerinnen und Bauern,6-10% Reduzierung des Ernteertrags,6-10% Erhöhung der Eigenproduktion ,11-20% höheres Einkommen",1,6,7,1,7,7,1,7,7,1,7,7,230,12,2,1,1
"396",1,1,56,"DE",1464,1502,"2024-06-10 16:10:47","2024-06-10 16:35:49",NA,NA,NA,NA,NA,NA,3,1,3,4,4,2,5,7,4,3,63,1,1,2,2,7,3,5,3,5,NA,NA,NA,NA,NA,NA,NA,NA,NA,NA,NA,NA,NA,NA,0,0,0,"","","","","","","","",NA,NA,NA,NA,NA,NA,NA,NA,NA,NA,NA,NA,2831,11,1,1,1
"397",1,1,74,"DE",4682,5762,"2024-06-10 21:09:00","2024-06-10 22:45:03",NA,NA,NA,NA,NA,NA,7,7,5,7,3,3,5,6,5,2,56,1,1,1,2,5,2,4,4,5,3,3,1,3,3,3,2,3,5,3,3,NA,NA,NA,1,1,0,"","","","","","","","",NA,NA,NA,NA,NA,NA,NA,NA,NA,NA,NA,NA,4124,23,6,2,1
"398",NA,0,0,"FR",12259,NA,"2024-06-10 21:12:31","2024-06-10 21:12:31",NA,NA,NA,NA,NA,NA,NA,NA,NA,NA,NA,NA,NA,NA,NA,NA,NA,NA,NA,NA,NA,NA,NA,NA,NA,NA,NA,NA,NA,NA,NA,NA,NA,NA,NA,NA,NA,NA,NA,NA,0,0,0,"","","","","","","","",NA,NA,NA,NA,NA,NA,NA,NA,NA,NA,NA,NA,6621,11,1,1,1
"399",1,1,82,"FR",15305,3830,"2024-06-10 21:26:27","2024-06-10 22:30:18",7,7,6,7,4,4,5,3,4,7,7,4,7,7,6,2,38,2,1,1,4,6,1,7,5,7,3,3,3,6,6,7,7,6,6,6,7,NA,NA,NA,1,1,1,"Surfaces libres horizontales pour installations agri-PV sur des pâturage ou des terres cultivées,Jusqu'à 10 terrains de football (env. 10ha),0-500 mètres,Coopérative énergétique (par ex. citoyens locaux),Réduction de 11-20% du rendement de la récolte,Augmentation de 21-40% de la production propre,Augmentation de 41-80% du revenu des agriculteurs","Surfaces libres verticales pour installations agri-PV sur des pâturages ou des terres cultivées ,Jusqu'à un terrain de football (env. 1ha),0-500 mètres,Fournisseur régional d'énergie,Réduction de 41-80% du rendement de la récolte,Augmentation de 6-10% de la production propre,Augmentation de 11-20% du revenu des agriculteurs","","","","","","",2,6,7,NA,NA,NA,NA,NA,NA,NA,NA,NA,5604,23,6,2,1
"400",1,0,69,"DE",11958,1131,"2024-06-10 21:28:06","2024-06-10 21:46:57",NA,NA,NA,NA,NA,NA,4,5,5,6,3,3,5,6,3,2,37,2,1,1,5,5,1,5,1,7,1,3,3,5,6,5,NA,NA,NA,NA,NA,NA,NA,NA,1,0,0,"","","","","","","","",NA,NA,NA,NA,NA,NA,NA,NA,NA,NA,NA,NA,4044,12,2,1,1
"401",1,1,72,"DE",11949,739,"2024-06-10 22:08:10","2024-06-10 22:20:29",NA,NA,NA,NA,NA,NA,6,1,2,7,5,4,5,5,4,4,40,2,1,1,5,5,2,4,2,6,1,3,3,5,6,4,4,4,4,4,NA,NA,NA,NA,1,1,0,"","","","","","","","",NA,NA,NA,NA,NA,NA,NA,NA,NA,NA,NA,NA,200,11,1,1,1
"402",1,1,78,"EN",10176,1401,"2024-06-11 07:49:00","2024-06-11 08:12:22",4,4,4,4,4,4,3,6,5,5,3,4,3,5,3,2,33,1,1,1,2,3,2,5,3,6,3,1,1,5,6,5,4,4,4,4,4,NA,NA,NA,1,0,0,"","","","","","","","",NA,NA,NA,NA,NA,NA,NA,NA,NA,NA,NA,NA,1701,12,2,1,1
"403",1,1,72,"DE",11001,2543,"2024-06-11 11:48:15","2024-06-11 12:30:39",NA,NA,NA,NA,NA,NA,5,NA,NA,NA,NA,NA,NA,NA,NA,NA,30,2,1,1,2,5,3,6,2,3,1,1,1,5,5,5,6,5,5,5,NA,NA,NA,NA,0,0,1,"","","","","","","","",NA,NA,NA,NA,NA,NA,NA,NA,NA,NA,NA,NA,3427,12,2,1,1
"404",1,1,80,"DE",4579,1037,"2024-06-12 10:30:04","2024-06-12 10:47:22",1,1,1,5,1,1,7,7,2,5,1,3,1,5,4,1,32,2,1,1,2,6,7,1,1,5,3,3,3,5,6,5,5,5,5,5,4,NA,NA,NA,1,1,1,"","","","","","","","",NA,NA,NA,NA,NA,NA,NA,NA,NA,NA,NA,NA,291,21,4,2,1
"405",1,1,80,"FR",15898,5638,"2024-06-13 11:24:14","2024-06-13 12:58:13",4,4,4,4,4,4,6,6,6,6,6,6,6,6,6,6,58,2,1,2,2,7,4,5,4,4,1,1,1,4,4,4,4,4,4,4,4,NA,NA,NA,0,0,0,"Surfaces libres verticales pour installations agri-PV sur des pâturages ou des terres cultivées ,Jusqu'à 10 terrains de football (env. 10ha),1500-4500 mètres,Propriétaire du terrain,Réduction de 21-40% du rendement de la récolte,Augmentation de 21-40% de la production propre,Augmentation de 41-80% du revenu des agriculteurs","Surfaces libres horizontales pour installations agri-PV sur des pâturage ou des terres cultivées,Jusqu'à 5 terrains de football (env. 5ha),0-500 mètres,Fournisseur régional d'énergie,Réduction de 41-80% du rendement de la récolte,Augmentation de 11-20% de la production propre,Augmentation de 41-80% du revenu des agriculteurs","","","","","","",NA,NA,NA,NA,NA,NA,NA,NA,NA,NA,NA,NA,371,12,2,1,1
"406",1,0,7,"FR",11457,43,"2024-06-13 11:47:27","2024-06-13 11:48:10",NA,NA,NA,NA,NA,NA,NA,NA,NA,NA,NA,NA,NA,NA,NA,NA,22,1,1,1,4,NA,NA,NA,NA,NA,NA,NA,NA,NA,NA,NA,NA,NA,NA,NA,NA,NA,NA,NA,1,0,0,"","","","","","","","",NA,NA,NA,NA,NA,NA,NA,NA,NA,NA,NA,NA,2325,21,4,2,1
"407",1,0,71,"FR",9183,14372,"2024-06-14 11:44:02","2024-06-14 15:43:35",NA,NA,NA,NA,NA,NA,5,2,2,7,1,5,2,6,1,3,58,2,1,1,4,6,1,7,3,2,1,1,1,2,2,2,2,2,2,2,NA,NA,NA,NA,0,0,0,"","","","","","","","",NA,NA,NA,NA,NA,NA,NA,NA,NA,NA,NA,NA,6037,31,7,3,1
"408",1,0,1,"DE",3035,58,"2024-06-14 13:14:13","2024-06-14 13:15:12",NA,NA,NA,NA,NA,NA,NA,NA,NA,NA,NA,NA,NA,NA,NA,NA,NA,NA,NA,NA,NA,NA,NA,NA,NA,NA,NA,NA,NA,NA,NA,NA,NA,NA,NA,NA,NA,NA,NA,NA,0,0,0,"","","","","","","","",NA,NA,NA,NA,NA,NA,NA,NA,NA,NA,NA,NA,261,11,1,1,1
"409",1,1,80,"DE",5568,2476,"2024-06-14 15:40:43","2024-06-14 16:22:00",1,1,1,1,1,1,5,6,2,5,1,5,1,6,2,3,76,2,1,1,2,6,5,2,6,1,1,1,1,1,1,1,1,1,1,1,1,NA,NA,NA,0,0,0,"Horizontale Freiflächen Agri-PV-Anlage auf Weide- oder Ackerland,Bis zu 10 Fussballfelder (ca. 10ha),0-500 Meter,Grundstückseigentümer,0-5% Reduzierung des Ernteertrags,6-10% Erhöhung der Eigenproduktion ,21-40% höheres Einkommen","Vertikale Freiflächen Agri-PV-Anlage auf Weide- oder Ackerland,Bis zu einem Fussballfeld (ca. 1ha),500-1500 Meter,Bäuerinnen und Bauern,11-20% Reduzierung des Ernteertrags,0-5% Erhöhung der Eigenproduktion,21-40% höheres Einkommen","","","","","","",NA,NA,NA,NA,NA,NA,NA,NA,NA,NA,NA,NA,371,12,2,1,1
"410",1,1,82,"DE",3361,2058,"2024-06-14 22:26:42","2024-06-14 23:01:01",3,1,1,3,1,1,6,7,4,5,1,4,1,5,5,6,37,2,1,1,4,6,4,5,1,7,1,1,1,7,6,5,5,5,5,5,3,NA,NA,NA,1,1,1,"Vertikale Freiflächen Agri-PV-Anlage auf Weide- oder Ackerland,Bis zu einem Fussballfeld (ca. 1ha),500-1500 Meter,Gemeinde,21-40% Reduzierung des Ernteertrags,21-40% Erhöhung der Eigenproduktion,0-5% höheres Einkommen","Agri-PV-Anlage auf Gewächshäusern und Ersatz von Folientunneln,Bis zu 5 Fussballfelder (ca. 5ha),0-500 Meter,Energiegenossenschaft (z.B. lokale Bevölkerung),41-80% Reduzierung des Ernteertrags,21-40% Erhöhung der Eigenproduktion,6-10% höheres Einkommen","","","","","","",1,2,2,NA,NA,NA,NA,NA,NA,NA,NA,NA,2543,13,3,1,1
"411",1,1,80,"EN",8062,4132,"2024-06-15 14:47:14","2024-06-15 15:56:07",4,3,5,5,5,5,1,3,1,7,7,7,5,4,5,2,57,1,1,2,3,7,3,3,2,5,1,1,3,6,6,5,5,4,4,5,5,NA,NA,NA,1,1,1,"Agri-PV systems on greenhouses and replacement of polytunnels,Up to 10 football pitches (approx. 10ha),1500-4500 meters,Farmers,21-40% reduction in crop yield,0-5% increase in own production,41-80% higher income","Horizontal open space Agri-PV systems on pasture or arable land,Up to one football pitch (approx. 1ha),0-500 meters,Energy cooperative (e.g. local population),11-20% reduction in crop yield,21-40% increase in own production,41-80% higher income","","","","","","",NA,NA,NA,NA,NA,NA,NA,NA,NA,NA,NA,NA,4065,21,4,2,1
"412",1,1,80,"DE",15820,1457,"2024-06-16 09:04:14","2024-06-16 09:28:31",5,6,4,6,6,6,6,7,6,6,6,6,6,6,6,3,43,2,1,1,2,5,5,5,4,7,1,1,3,4,3,5,4,5,5,5,5,NA,NA,NA,0,0,0,"","","","","","","","",NA,NA,NA,NA,NA,NA,NA,NA,NA,NA,NA,NA,261,11,1,1,1
"413",1,0,25,"DE",14127,1099,"2024-06-16 09:09:32","2024-06-16 09:27:52",NA,NA,NA,NA,NA,NA,NA,NA,NA,NA,NA,NA,NA,NA,NA,NA,23,2,1,1,2,6,2,5,NA,NA,NA,NA,NA,NA,NA,NA,NA,NA,NA,NA,NA,NA,NA,NA,0,0,0,"","","","","","","","",NA,NA,NA,NA,NA,NA,NA,NA,NA,NA,NA,NA,138,11,1,1,1
"414",1,1,7,"DE",3562,97,"2024-06-16 11:20:58","2024-06-16 11:22:35",NA,NA,NA,NA,NA,NA,NA,NA,NA,NA,NA,NA,NA,NA,NA,NA,31,1,1,2,3,NA,NA,NA,NA,NA,NA,NA,NA,NA,NA,NA,NA,NA,NA,NA,NA,NA,NA,NA,0,0,0,"","","","","","","","",NA,NA,NA,NA,NA,NA,NA,NA,NA,NA,NA,NA,191,11,1,1,1
"415",1,0,77,"EN",455,1217,"2024-06-17 14:19:48","2024-06-17 14:40:06",5,6,6,6,6,6,6,6,3,6,6,6,4,5,2,5,32,2,1,2,2,4,2,3,3,6,1,1,3,6,6,5,7,7,7,5,6,NA,NA,NA,0,0,0,"","","","","","","","",NA,NA,NA,NA,NA,NA,NA,NA,NA,NA,NA,NA,6621,11,1,1,1
"416",1,1,36,"DE",10833,503,"2024-06-18 10:28:42","2024-06-18 10:37:05",NA,NA,NA,NA,NA,NA,NA,NA,NA,NA,NA,NA,NA,NA,NA,NA,31,2,1,1,3,6,2,6,NA,NA,NA,NA,NA,NA,NA,NA,NA,NA,NA,NA,NA,NA,NA,NA,1,1,0,"","","","","","","","",NA,NA,NA,NA,NA,NA,NA,NA,NA,NA,NA,NA,1372,13,3,1,1
"417",1,1,80,"DE",4220,1962,"2024-06-18 16:34:46","2024-06-18 17:07:28",3,5,4,6,6,5,6,4,4,7,3,5,6,6,4,3,23,2,1,1,4,6,1,6,1,5,3,3,1,5,6,5,6,5,3,5,4,NA,NA,NA,1,1,1,"","","","","","","","",NA,NA,NA,NA,NA,NA,NA,NA,NA,NA,NA,NA,296,11,1,1,1
"418",1,1,82,"DE",233,106928,"2024-06-19 10:42:10","2024-06-20 16:24:19",6,6,7,7,7,7,5,1,6,7,6,4,6,5,1,4,44,1,1,1,3,6,1,6,3,7,1,1,1,6,6,6,6,5,6,6,6,NA,NA,NA,0,0,0,"Agri-PV-Anlage auf Gewächshäusern und Ersatz von Folientunneln,Bis zu einem Fussballfeld (ca. 1ha),500-1500 Meter,Externe (nicht lokale) Investoren,21-40% Reduzierung des Ernteertrags,41-80% Erhöhung der Eigenproduktion,6-10% höheres Einkommen","Horizontale Freiflächen Agri-PV-Anlage auf Weide- oder Ackerland,Bis zu einem Fussballfeld (ca. 1ha),1500-4500 Meter,Regionaler Energieversorger,0-5% Reduzierung des Ernteertrags,11-20% Erhöhung der Eigenproduktion,21-40% höheres Einkommen","","","","","","",1,3,6,NA,NA,NA,NA,NA,NA,NA,NA,NA,261,11,1,1,1
"419",1,1,43,"DE",3791,1263,"2024-06-19 14:36:27","2024-06-19 14:57:30",NA,NA,NA,NA,NA,NA,6,6,1,7,6,7,7,5,1,1,48,2,1,1,4,7,7,7,NA,NA,NA,NA,NA,NA,NA,NA,NA,NA,NA,NA,NA,NA,NA,NA,0,0,0,"","","","","","","","",NA,NA,NA,NA,NA,NA,NA,NA,NA,NA,NA,NA,230,12,2,1,1
"420",1,0,25,"DE",8079,1578,"2024-06-19 15:41:23","2024-06-19 16:07:42",NA,NA,NA,NA,NA,NA,NA,NA,NA,NA,NA,NA,NA,NA,NA,NA,1992,2,1,1,3,7,4,5,NA,NA,NA,NA,NA,NA,NA,NA,NA,NA,NA,NA,NA,NA,NA,NA,1,1,1,"","","","","","","","",NA,NA,NA,NA,NA,NA,NA,NA,NA,NA,NA,NA,1086,31,7,3,1
"421",1,0,84,"DE",9134,20238,"2024-06-21 09:41:18","2024-06-21 15:18:37",5,4,3,5,5,5,5,5,3,5,3,3,3,5,5,3,54,2,1,1,2,5,5,4,5,3,1,1,1,5,5,6,5,5,5,5,5,NA,NA,NA,0,0,0,"Horizontale Freiflächen Agri-PV-Anlage auf Weide- oder Ackerland,Bis zu 10 Fussballfelder (ca. 10ha),1500-4500 Meter,Regionaler Energieversorger,41-80% Reduzierung des Ernteertrags,21-40% Erhöhung der Eigenproduktion,0-5% höheres Einkommen","Agri-PV-Anlage auf Gewächshäusern und Ersatz von Folientunneln,Bis zu 5 Fussballfelder (ca. 5ha),0-500 Meter,Grundstückseigentümer,6-10% Reduzierung des Ernteertrags,0-5% Erhöhung der Eigenproduktion,6-10% höheres Einkommen","Horizontale Freiflächen Agri-PV-Anlage auf Weide- oder Ackerland,Bis zu 5 Fussballfelder (ca. 5ha),1500-4500 Meter,Externe (nicht lokale) Investoren,41-80% Reduzierung des Ernteertrags,21-40% Erhöhung der Eigenproduktion,0-5% höheres Einkommen","Agri-PV-Anlage auf Gewächshäusern und Ersatz von Folientunneln,Bis zu 5 Fussballfelder (ca. 5ha),1500-4500 Meter,Grundstückseigentümer,11-20% Reduzierung des Ernteertrags,0-5% Erhöhung der Eigenproduktion,0-5% höheres Einkommen","Horizontale Freiflächen Agri-PV-Anlage auf Weide- oder Ackerland,Bis zu einem Fussballfeld (ca. 1ha),0-500 Meter,Energiegenossenschaft (z.B. lokale Bevölkerung),6-10% Reduzierung des Ernteertrags,0-5% Erhöhung der Eigenproduktion,6-10% höheres Einkommen","Horizontale Freiflächen Agri-PV-Anlage auf Weide- oder Ackerland,Bis zu einem Fussballfeld (ca. 1ha),0-500 Meter,Externe (nicht lokale) Investoren,6-10% Reduzierung des Ernteertrags,21-40% Erhöhung der Eigenproduktion,6-10% höheres Einkommen","","",1,4,4,2,4,4,NA,NA,NA,NA,NA,NA,3204,12,2,1,1
"422",1,0,80,"DE",9299,1511,"2024-06-22 11:55:20","2024-06-22 12:20:32",4,5,4,5,5,5,5,3,5,6,3,3,3,5,3,3,25,2,1,1,2,5,2,6,3,3,1,1,1,5,5,5,5,3,3,4,3,NA,NA,NA,0,0,0,"Vertikale Freiflächen Agri-PV-Anlage auf Weide- oder Ackerland,Bis zu einem Fussballfeld (ca. 1ha),0-500 Meter,Energiegenossenschaft (z.B. lokale Bevölkerung),21-40% Reduzierung des Ernteertrags,11-20% Erhöhung der Eigenproduktion,41-80% höheres Einkommen","Vertikale Freiflächen Agri-PV-Anlage auf Weide- oder Ackerland,Bis zu 10 Fussballfelder (ca. 10ha),0-500 Meter,Bäuerinnen und Bauern,41-80% Reduzierung des Ernteertrags,6-10% Erhöhung der Eigenproduktion ,6-10% höheres Einkommen","","","","","","",NA,NA,NA,NA,NA,NA,NA,NA,NA,NA,NA,NA,1059,12,2,1,1
"423",1,1,14,"DE",6235,429,"2024-06-22 14:44:03","2024-06-22 14:51:12",NA,NA,NA,NA,NA,NA,NA,NA,NA,NA,NA,NA,NA,NA,NA,NA,28,1,1,1,4,5,1,7,NA,NA,NA,NA,NA,NA,NA,NA,NA,NA,NA,NA,NA,NA,NA,NA,1,1,1,"","","","","","","","",NA,NA,NA,NA,NA,NA,NA,NA,NA,NA,NA,NA,1129,32,8,3,1
"424",1,0,53,"DE",2251,1198,"2024-06-23 11:22:40","2024-06-23 11:42:39",NA,NA,NA,NA,NA,NA,4,5,2,7,1,1,2,5,4,6,48,2,1,1,2,5,4,4,3,3,NA,NA,NA,NA,NA,NA,NA,NA,NA,NA,NA,NA,NA,NA,0,1,1,"","","","","","","","",NA,NA,NA,NA,NA,NA,NA,NA,NA,NA,NA,NA,2196,12,2,1,1
"425",1,1,80,"DE",10508,1460,"2024-06-23 11:48:28","2024-06-23 12:12:48",4,4,4,5,6,4,5,1,2,5,2,4,3,5,5,3,38,2,1,1,1,6,1,5,4,4,1,1,1,5,5,5,4,5,4,4,4,NA,NA,NA,0,0,0,"Horizontale Freiflächen Agri-PV-Anlage auf Weide- oder Ackerland,Bis zu 5 Fussballfelder (ca. 5ha),0-500 Meter,Regionaler Energieversorger,6-10% Reduzierung des Ernteertrags,6-10% Erhöhung der Eigenproduktion ,21-40% höheres Einkommen","Horizontale Freiflächen Agri-PV-Anlage auf Weide- oder Ackerland,Bis zu 10 Fussballfelder (ca. 10ha),500-1500 Meter,Regionaler Energieversorger,11-20% Reduzierung des Ernteertrags,6-10% Erhöhung der Eigenproduktion ,0-5% höheres Einkommen","","","","","","",NA,NA,NA,NA,NA,NA,NA,NA,NA,NA,NA,NA,2701,11,1,1,1
"426",1,1,74,"FR",10282,2301,"2024-06-23 18:29:58","2024-06-23 19:08:20",NA,NA,NA,NA,NA,NA,2,2,3,4,4,4,4,3,4,2,40,1,1,2,1,7,1,7,1,4,1,1,3,4,4,4,3,2,1,3,1,NA,NA,NA,0,0,0,"","","","","","","","",NA,NA,NA,NA,NA,NA,NA,NA,NA,NA,NA,NA,6621,11,1,1,1
"427",1,0,80,"DE",2518,2153,"2024-06-24 15:35:12","2024-06-24 16:11:06",5,5,5,4,5,3,3,5,5,5,3,4,5,5,5,3,34,2,1,2,4,6,3,5,3,5,1,1,3,5,5,5,5,4,2,5,4,NA,NA,NA,0,0,0,"","","","","","","","",NA,NA,NA,NA,NA,NA,NA,NA,NA,NA,NA,NA,3217,12,2,1,1
"428",1,1,82,"DE",7392,3702,"2024-06-25 12:30:58","2024-06-25 13:32:40",4,4,4,4,4,4,5,4,3,6,2,3,3,5,4,3,42,2,1,1,2,6,2,6,3,4,1,1,3,5,5,4,5,4,3,5,3,NA,NA,NA,0,0,0,"Agri-PV-Anlage auf Gewächshäusern und Ersatz von Folientunneln,Bis zu 5 Fussballfelder (ca. 5ha),500-1500 Meter,Regionaler Energieversorger,11-20% Reduzierung des Ernteertrags,21-40% Erhöhung der Eigenproduktion,0-5% höheres Einkommen","Agri-PV-Anlage auf Gewächshäusern und Ersatz von Folientunneln,Bis zu 5 Fussballfelder (ca. 5ha),500-1500 Meter,Gemeinde,21-40% Reduzierung des Ernteertrags,41-80% Erhöhung der Eigenproduktion,0-5% höheres Einkommen","","","","","","",1,4,4,NA,NA,NA,NA,NA,NA,NA,NA,NA,247,11,1,1,1
"429",1,1,47,"FR",13504,1915,"2024-06-26 09:59:53","2024-06-26 10:31:49",NA,NA,NA,NA,NA,NA,3,3,5,6,3,3,5,5,5,3,33,2,1,1,3,7,1,7,NA,NA,NA,NA,NA,NA,NA,NA,NA,NA,NA,NA,NA,NA,NA,NA,1,1,0,"","","","","","","","",NA,NA,NA,NA,NA,NA,NA,NA,NA,NA,NA,NA,5412,13,3,1,1
"430",1,1,74,"DE",2684,1112,"2024-06-26 16:30:52","2024-06-26 16:49:25",NA,NA,NA,NA,NA,NA,2,2,2,7,3,5,5,4,4,2,37,2,1,1,1,5,5,6,1,7,1,3,3,5,5,4,5,3,2,3,4,NA,NA,NA,0,1,1,"","","","","","","","",NA,NA,NA,NA,NA,NA,NA,NA,NA,NA,NA,NA,4062,11,1,1,1
"431",NA,1,0,"FR",14920,NA,"2024-06-26 20:49:32","2024-06-26 20:49:32",NA,NA,NA,NA,NA,NA,NA,NA,NA,NA,NA,NA,NA,NA,NA,NA,NA,NA,NA,NA,NA,NA,NA,NA,NA,NA,NA,NA,NA,NA,NA,NA,NA,NA,NA,NA,NA,NA,NA,NA,0,1,1,"","","","","","","","",NA,NA,NA,NA,NA,NA,NA,NA,NA,NA,NA,NA,2284,22,5,2,1
"432",1,1,80,"DE",9380,1442,"2024-06-27 11:21:03","2024-06-27 11:45:05",4,5,4,5,5,4,5,1,5,6,4,3,2,5,2,4,19,2,1,1,4,6,1,7,3,5,1,1,1,6,5,5,5,4,4,5,4,NA,NA,NA,0,0,0,"","","","","","","","",NA,NA,NA,NA,NA,NA,NA,NA,NA,NA,NA,NA,2701,11,1,1,1
"433",1,1,25,"EN",897,209,"2024-06-29 10:06:35","2024-06-29 10:10:05",NA,NA,NA,NA,NA,NA,NA,NA,NA,NA,NA,NA,NA,NA,NA,NA,64,1,1,1,2,3,1,5,NA,NA,NA,NA,NA,NA,NA,NA,NA,NA,NA,NA,NA,NA,NA,NA,0,0,0,"","","","","","","","",NA,NA,NA,NA,NA,NA,NA,NA,NA,NA,NA,NA,1321,22,5,2,1
"434",1,1,80,"DE",2171,2108,"2024-06-30 10:52:28","2024-06-30 11:27:37",2,6,5,6,1,4,6,7,6,7,2,5,6,6,6,3,27,1,1,1,2,5,2,6,5,5,3,3,3,5,5,5,3,4,3,4,5,NA,NA,NA,1,1,0,"","","","","","","","",NA,NA,NA,NA,NA,NA,NA,NA,NA,NA,NA,NA,3721,21,4,2,1
"435",1,1,85,"DE",8080,1058,"2024-06-30 19:23:49","2024-06-30 19:41:27",4,4,4,4,4,4,4,NA,NA,NA,NA,NA,NA,NA,NA,NA,36,1,1,2,4,4,4,4,4,4,1,3,1,3,4,4,4,4,4,4,4,NA,NA,NA,0,0,0,"Vertikale Freiflächen Agri-PV-Anlage auf Weide- oder Ackerland,Bis zu einem Fussballfeld (ca. 1ha),500-1500 Meter,Regionaler Energieversorger,21-40% Reduzierung des Ernteertrags,11-20% Erhöhung der Eigenproduktion,0-5% höheres Einkommen","Agri-PV-Anlage auf Gewächshäusern und Ersatz von Folientunneln,Bis zu 10 Fussballfelder (ca. 10ha),500-1500 Meter,Bäuerinnen und Bauern,41-80% Reduzierung des Ernteertrags,41-80% Erhöhung der Eigenproduktion,11-20% höheres Einkommen","Vertikale Freiflächen Agri-PV-Anlage auf Weide- oder Ackerland,Bis zu einem Fussballfeld (ca. 1ha),1500-4500 Meter,Grundstückseigentümer,6-10% Reduzierung des Ernteertrags,6-10% Erhöhung der Eigenproduktion ,21-40% höheres Einkommen","Horizontale Freiflächen Agri-PV-Anlage auf Weide- oder Ackerland,Bis zu 5 Fussballfelder (ca. 5ha),1500-4500 Meter,Energiegenossenschaft (z.B. lokale Bevölkerung),0-5% Reduzierung des Ernteertrags,0-5% Erhöhung der Eigenproduktion,21-40% höheres Einkommen","Agri-PV-Anlage auf Gewächshäusern und Ersatz von Folientunneln,Bis zu 5 Fussballfelder (ca. 5ha),500-1500 Meter,Regionaler Energieversorger,41-80% Reduzierung des Ernteertrags,0-5% Erhöhung der Eigenproduktion,6-10% höheres Einkommen","Horizontale Freiflächen Agri-PV-Anlage auf Weide- oder Ackerland,Bis zu einem Fussballfeld (ca. 1ha),0-500 Meter,Grundstückseigentümer,21-40% Reduzierung des Ernteertrags,6-10% Erhöhung der Eigenproduktion ,41-80% höheres Einkommen","","",1,4,4,1,4,4,2,1,4,NA,NA,NA,3442,12,2,1,1
"436",1,0,80,"DE",1917,4746,"2024-07-01 15:31:59","2024-07-01 16:51:05",1,1,1,1,1,1,5,3,5,5,2,3,2,5,3,3,58,2,1,1,3,6,3,3,2,2,1,1,1,3,3,2,2,2,2,1,1,NA,NA,NA,0,0,0,"Agri-PV-Anlage auf Gewächshäusern und Ersatz von Folientunneln,Bis zu einem Fussballfeld (ca. 1ha),1500-4500 Meter,Externe (nicht lokale) Investoren,6-10% Reduzierung des Ernteertrags,0-5% Erhöhung der Eigenproduktion,0-5% höheres Einkommen","Agri-PV-Anlage auf Gewächshäusern und Ersatz von Folientunneln,Bis zu 5 Fussballfelder (ca. 5ha),1500-4500 Meter,Bäuerinnen und Bauern,11-20% Reduzierung des Ernteertrags,0-5% Erhöhung der Eigenproduktion,11-20% höheres Einkommen","","","","","","",NA,NA,NA,NA,NA,NA,NA,NA,NA,NA,NA,NA,4280,12,2,1,1
"437",1,1,80,"FR",8453,1855,"2024-07-01 16:55:02","2024-07-01 17:25:57",4,4,4,4,4,4,6,4,5,7,2,4,4,4,4,1,62,2,1,1,1,7,4,4,1,5,1,1,1,5,5,5,2,4,4,4,4,NA,NA,NA,0,0,0,"","","","","","","","",NA,NA,NA,NA,NA,NA,NA,NA,NA,NA,NA,NA,5890,12,2,1,1
"438",1,1,85,"DE",11666,3704,"2024-07-03 16:19:12","2024-07-03 17:20:57",7,6,6,6,5,4,4,4,5,6,6,5,6,5,4,1,39,1,1,2,2,6,2,7,4,7,1,1,1,6,6,7,6,6,6,7,7,NA,NA,NA,0,0,0,"Agri-PV-Anlage auf Gewächshäusern und Ersatz von Folientunneln,Bis zu einem Fussballfeld (ca. 1ha),1500-4500 Meter,Energiegenossenschaft (z.B. lokale Bevölkerung),41-80% Reduzierung des Ernteertrags,6-10% Erhöhung der Eigenproduktion ,21-40% höheres Einkommen","Agri-PV-Anlage auf Gewächshäusern und Ersatz von Folientunneln,Bis zu 10 Fussballfelder (ca. 10ha),0-500 Meter,Gemeinde,0-5% Reduzierung des Ernteertrags,6-10% Erhöhung der Eigenproduktion ,0-5% höheres Einkommen","Horizontale Freiflächen Agri-PV-Anlage auf Weide- oder Ackerland,Bis zu 5 Fussballfelder (ca. 5ha),1500-4500 Meter,Gemeinde,21-40% Reduzierung des Ernteertrags,41-80% Erhöhung der Eigenproduktion,11-20% höheres Einkommen","Agri-PV-Anlage auf Gewächshäusern und Ersatz von Folientunneln,Bis zu 10 Fussballfelder (ca. 10ha),0-500 Meter,Energiegenossenschaft (z.B. lokale Bevölkerung),41-80% Reduzierung des Ernteertrags,41-80% Erhöhung der Eigenproduktion,6-10% höheres Einkommen","Vertikale Freiflächen Agri-PV-Anlage auf Weide- oder Ackerland,Bis zu einem Fussballfeld (ca. 1ha),0-500 Meter,Grundstückseigentümer,21-40% Reduzierung des Ernteertrags,0-5% Erhöhung der Eigenproduktion,21-40% höheres Einkommen","Agri-PV-Anlage auf Gewächshäusern und Ersatz von Folientunneln,Bis zu einem Fussballfeld (ca. 1ha),500-1500 Meter,Bäuerinnen und Bauern,21-40% Reduzierung des Ernteertrags,11-20% Erhöhung der Eigenproduktion,41-80% höheres Einkommen","Vertikale Freiflächen Agri-PV-Anlage auf Weide- oder Ackerland,Bis zu 5 Fussballfelder (ca. 5ha),0-500 Meter,Gemeinde,6-10% Reduzierung des Ernteertrags,21-40% Erhöhung der Eigenproduktion,21-40% höheres Einkommen","Agri-PV-Anlage auf Gewächshäusern und Ersatz von Folientunneln,Bis zu 10 Fussballfelder (ca. 10ha),0-500 Meter,Regionaler Energieversorger,21-40% Reduzierung des Ernteertrags,6-10% Erhöhung der Eigenproduktion ,41-80% höheres Einkommen",2,4,6,1,5,4,2,4,5,NA,NA,NA,3236,12,2,1,1
"439",1,0,80,"DE",1823,1471,"2024-07-04 07:41:57","2024-07-04 08:06:28",4,5,3,5,4,4,5,3,4,5,4,4,6,4,4,2,22,2,1,1,3,5,2,5,2,5,1,1,3,5,4,4,5,3,3,4,4,NA,NA,NA,0,0,0,"","","","","","","","",NA,NA,NA,NA,NA,NA,NA,NA,NA,NA,NA,NA,1061,12,2,1,1
"440",1,0,77,"FR",7208,2718,"2024-07-05 14:31:56","2024-07-05 15:17:15",4,5,5,5,5,5,6,4,7,7,7,5,7,7,3,5,28,2,1,2,2,6,1,6,1,6,3,3,3,5,5,5,5,5,5,5,5,NA,NA,NA,0,1,0,"","","","","","","","",NA,NA,NA,NA,NA,NA,NA,NA,NA,NA,NA,NA,5402,31,7,3,1
"441",1,1,25,"DE",12367,3854,"2024-07-05 22:28:50","2024-07-05 23:33:04",NA,NA,NA,NA,NA,NA,NA,NA,NA,NA,NA,NA,NA,NA,NA,NA,60,1,1,1,4,6,2,5,NA,NA,NA,NA,NA,NA,NA,NA,NA,NA,NA,NA,NA,NA,NA,NA,0,1,1,"","","","","","","","",NA,NA,NA,NA,NA,NA,NA,NA,NA,NA,NA,NA,198,11,1,1,1
"442",1,1,37,"FR",3552,479,"2024-07-16 08:31:06","2024-07-16 08:39:05",NA,NA,NA,NA,NA,NA,NA,NA,NA,NA,NA,NA,NA,NA,NA,NA,44,1,1,1,5,4,3,6,NA,NA,NA,NA,NA,NA,NA,NA,NA,NA,NA,NA,NA,NA,NA,NA,0,1,1,"","","","","","","","",NA,NA,NA,NA,NA,NA,NA,NA,NA,NA,NA,NA,5633,11,1,1,1
"443",1,1,63,"FR",2711,1846,"2024-07-17 21:07:23","2024-07-17 21:38:10",NA,NA,NA,NA,NA,NA,7,7,4,7,7,4,7,6,4,3,35,1,1,1,4,5,1,5,1,5,1,1,3,5,5,NA,NA,NA,NA,NA,NA,NA,NA,NA,0,1,1,"","","","","","","","",NA,NA,NA,NA,NA,NA,NA,NA,NA,NA,NA,NA,6607,11,1,1,1
"444",1,0,69,"FR",9159,750,"2024-07-18 13:05:09","2024-07-18 13:17:40",NA,NA,NA,NA,NA,NA,6,4,6,6,6,4,4,4,4,4,37,2,1,1,3,7,6,7,1,4,1,1,3,4,4,4,NA,NA,NA,NA,NA,NA,NA,NA,0,0,0,"","","","","","","","",NA,NA,NA,NA,NA,NA,NA,NA,NA,NA,NA,NA,6612,11,1,1,1
"445",1,0,80,"DE",3713,3200,"2024-07-19 10:25:34","2024-07-19 11:18:55",2,3,3,4,4,5,6,3,7,7,3,5,5,6,3,2,60,1,1,1,1,6,3,6,2,5,1,1,1,5,5,5,6,6,5,4,3,NA,NA,NA,0,0,1,"","","","","","","","",NA,NA,NA,NA,NA,NA,NA,NA,NA,NA,NA,NA,4040,11,1,1,1
